"code","school","university","positions","basi"
127,"ΑΓΓΛΙΚΗΣ ΓΛΩΣΣΑΣ ΚΑΙ ΦΙΛΟΛΟΓΙΑΣ (ΑΘΗΝΑ)","ΕΚΠΑ",189,"19,499"
129,"ΑΓΓΛΙΚΗΣ ΓΛΩΣΣΑΣ ΚΑΙ ΦΙΛΟΛΟΓΙΑΣ (ΘΕΣΣΑΛΟΝΙΚΗ)","ΑΠΘ",144,"20,206"
131,"ΓΑΛΛΙΚΗΣ ΓΛΩΣΣΑΣ ΚΑΙ ΦΙΛΟΛΟΓΙΑΣ (ΑΘΗΝΑ)","ΕΚΠΑ",122,"12,764"
133,"ΓΑΛΛΙΚΗΣ ΓΛΩΣΣΑΣ ΚΑΙ ΦΙΛΟΛΟΓΙΑΣ (ΘΕΣΣΑΛΟΝΙΚΗ)","ΑΠΘ",109,"9,472"
135,"ΓΕΡΜΑΝΙΚΗΣ ΓΛΩΣΣΑΣ ΚΑΙ ΦΙΛΟΛΟΓΙΑΣ (ΑΘΗΝΑ)","ΕΚΠΑ",126,"6,636"
137,"ΓΕΡΜΑΝΙΚΗΣ ΓΛΩΣΣΑΣ ΚΑΙ ΦΙΛΟΛΟΓΙΑΣ (ΘΕΣΣΑΛΟΝΙΚΗ)","ΑΠΘ",121,"6,682"
139,"ΙΤΑΛΙΚΗΣ ΓΛΩΣΣΑΣ ΚΑΙ ΦΙΛΟΛΟΓΙΑΣ (ΘΕΣΣΑΛΟΝΙΚΗ)","ΑΠΘ",87,"5,597"
182,"ΙΤΑΛΙΚΗΣ ΓΛΩΣΣΑΣ ΚΑΙ ΦΙΛΟΛΟΓΙΑΣ (ΑΘΗΝΑ)","ΕΚΠΑ",78,"9,161"
183,"ΙΣΠΑΝΙΚΗΣ ΓΛΩΣΣΑΣ ΚΑΙ ΦΙΛΟΛΟΓΙΑΣ (ΑΘΗΝΑ)","ΕΚΠΑ",76,"10,953"
186,"ΓΛΩΣΣΑΣ, ΦΙΛΟΛΟΓΙΑΣ & ΠΟΛΙΤΙΣΜΟΥ ΠΑΡΕΥΞΕΙΝΙΩΝ ΧΩΡΩΝ (ΚΟΜΟΤΗΝΗ)","ΔΗΜ ΠΑΝ ΘΡΑΚΗΣ",135,"11,685"
101,"ΘΕΟΛΟΓΙΑΣ (ΑΘΗΝΑ)","ΕΚΠΑ",162,"11,542"
103,"ΘΕΟΛΟΓΙΑΣ (ΘΕΣΣΑΛΟΝΙΚΗ)","ΑΠΘ",189,"11,256"
105,"ΚΟΙΝΩΝΙΚΗΣ ΘΕΟΛΟΓΙΑΣ (ΑΘΗΝΑ)","ΕΚΠΑ",189,"11,208"
107,"ΠΟΙΜΑΝΤΙΚΗΣ & ΚΟΙΝΩΝΙΚΗΣ ΘΕΟΛΟΓΙΑΣ (ΘΕΣΣΑΛΟΝΙΚΗ)","ΑΠΘ",162,"10,838"
118,"ΦΙΛΟΣΟΦΙΑΣ - ΠΑΙΔΑΓΩΓΙΚΗΣ & ΨΥΧΟΛΟΓΙΑΣ (ΑΘΗΝΑ)","ΕΚΠΑ",243,"15,807"
122,"ΦΙΛΟΣΟΦΙΑΣ - ΠΑΙΔΑΓΩΓΙΚΗΣ & ΨΥΧΟΛΟΓΙΑΣ (ΙΩΑΝΝΙΝΑ)","ΠΑΝ ΙΩΑΝΝΙΝΩΝ",252,"13,647"
120,"ΦΙΛΟΣΟΦΙΑΣ & ΠΑΙΔΑΓΩΓΙΚΗΣ (ΘΕΣΣΑΛΟΝΙΚΗ)","ΑΠΘ",157,"15,251"
138,"ΦΙΛΟΣΟΦΙΚΩΝ & ΚΟΙΝΩΝΙΚΩΝ ΣΠΟΥΔΩΝ (ΡΕΘΥΜΝΟ)","ΠΑΝ ΚΡΗΤΗΣ",166,"12,077"
102,"ΦΙΛΟΣΟΦΙΑΣ (ΠΑΤΡΑ)","ΠΑΝ ΠΑΤΡΩΝ",153,"12,801"
113,"ΦΙΛΟΛΟΓΙΑΣ (ΙΩΑΝΝΙΝΑ)","ΠΑΝ ΙΩΑΝΝΙΝΩΝ",207,"14,658"
115,"ΦΙΛΟΛΟΓΙΑΣ (ΡΕΘΥΜΝΟ)","ΠΑΝ ΚΡΗΤΗΣ",162,"13,846"
109,"ΦΙΛΟΛΟΓΙΑΣ (ΑΘΗΝΑ)","ΕΚΠΑ",279,"16,680"
111,"ΦΙΛΟΛΟΓΙΑΣ (ΘΕΣΣΑΛΟΝΙΚΗ)","ΑΠΘ",211,"16,468"
175,"ΦΙΛΟΛΟΓΙΑΣ (ΠΑΤΡΑ)","ΠΑΝ ΠΑΤΡΩΝ",162,"15,408"
189,"ΦΙΛΟΛΟΓΙΑΣ (ΚΑΛΑΜΑΤΑ)","ΠΑΝ ΠΕΛ/ΝΗΣΟΥ",158,"13,256"
106,"ΕΛΛΗΝΙΚΗΣ ΦΙΛΟΛΟΓΙΑΣ (ΚΟΜΟΤΗΝΗ)","ΔΗΜ ΠΑΝ ΘΡΑΚΗΣ",190,"13,205"
112,"ΙΣΤΟΡΙΑΣ & ΑΡΧΑΙΟΛΟΓΙΑΣ (ΘΕΣΣΑΛΟΝΙΚΗ)","ΑΠΘ",153,"15,819"
114,"ΙΣΤΟΡΙΑΣ & ΑΡΧΑΙΟΛΟΓΙΑΣ (ΙΩΑΝΝΙΝΑ)","ΠΑΝ ΙΩΑΝΝΙΝΩΝ",252,"13,418"
110,"ΙΣΤΟΡΙΑΣ & ΑΡΧΑΙΟΛΟΓΙΑΣ (ΑΘΗΝΑ)","ΕΚΠΑ",180,"16,134"
116,"ΙΣΤΟΡΙΑΣ & ΑΡΧΑΙΟΛΟΓΙΑΣ (ΡΕΘΥΜΝΟ)","ΠΑΝ ΚΡΗΤΗΣ",148,"13,154"
177,"ΙΣΤΟΡΙΑΣ, ΑΡΧΑΙΟΛΟΓΙΑΣ & ΚΟΙΝΩΝΙΚΗΣ ΑΝΘΡΩΠΟΛΟΓΙΑΣ (ΒΟΛΟΣ)","ΠΑΝ ΘΕΣΣΑΛΙΑΣ",94,"14,162"
104,"ΙΣΤΟΡΙΑΣ, ΑΡΧΑΙΟΛΟΓΙΑΣ & ΔΙΑΧΕΙΡΙΣΗΣ ΠΟΛΙΤΙΣΜΙΚΩΝ ΑΓΑΘΩΝ (ΚΑΛΑΜΑΤΑ)","ΠΑΝ ΠΕΛ/ΝΗΣΟΥ",126,"12,478"
145,"ΙΣΤΟΡΙΑΣ (ΚΕΡΚΥΡΑ)","ΙΟΝΙΟ ΠΑΝ",153,"11,910"
108,"ΙΣΤΟΡΙΑΣ & ΕΘΝΟΛΟΓΙΑΣ (ΚΟΜΟΤΗΝΗ)","ΔΗΜ ΠΑΝ ΘΡΑΚΗΣ",180,"12,252"
121,"ΝΟΜΙΚΗΣ (ΚΟΜΟΤΗΝΗ)","ΔΗΜ ΠΑΝ ΘΡΑΚΗΣ",378,"17,546"
117,"ΝΟΜΙΚΗΣ (ΑΘΗΝΑ)","ΕΚΠΑ",378,"18,223"
119,"ΝΟΜΙΚΗΣ (ΘΕΣΣΑΛΟΝΙΚΗ)","ΑΠΘ",333,"18,058"
169,"ΘΕΑΤΡΙΚΩΝ ΣΠΟΥΔΩΝ (ΠΑΤΡΑ)","ΠΑΝ ΠΑΤΡΩΝ",90,"11,779"
146,"ΘΕΑΤΡΙΚΩΝ ΣΠΟΥΔΩΝ (ΑΘΗΝΑ)","ΕΚΠΑ",76,"13,472"
362,"ΘΕΑΤΡΙΚΩΝ ΣΠΟΥΔΩΝ (ΝΑΥΠΛΙΟ)","ΠΑΝ ΠΕΛ/ΝΗΣΟΥ",126,"11,318"
168,"ΘΕΑΤΡΟΥ (ΘΕΣΣΑΛΟΝΙΚΗ)","ΑΠΘ",63,"13,950"
163,"ΚΙΝΗΜΑΤΟΓΡΑΦΟΥ (ΘΕΣΣΑΛΟΝΙΚΗ)","ΑΠΘ",72,"13,424"
174,"ΕΚΠΑΙΔΕΥΤΙΚΗΣ ΚΑΙ ΚΟΙΝΩΝΙΚΗΣ ΠΟΛΙΤΙΚΗΣ (ΘΕΣΣΑΛΟΝΙΚΗ)","ΠΑΝ ΜΑΚ/ΝΙΑΣ",144,"16,628"
187,"ΚΟΙΝΩΝΙΚΗΣ & ΕΚΠΑΙΔΕΥΤΙΚΗΣ ΠΟΛΙΤΙΚΗΣ (ΚΟΡΙΝΘΟΣ)","ΠΑΝ ΠΕΛ/ΝΗΣΟΥ",126,"12,584"
159,"ΚΟΙΝΩΝΙΚΗΣ ΠΟΛΙΤΙΚΗΣ (ΑΘΗΝΑ)","ΠΑΝΤΕΙΟ",117,"14,260"
342,"ΑΡΧΕΙΟΝΟΜΙΑΣ, ΒΙΒΛΙΟΘΗΚΟΝΟΜΙΑΣ ΚΑΙ ΜΟΥΣΕΙΟΛΟΓΙΑΣ (ΚΕΡΚΥΡΑ)","ΙΟΝΙΟ ΠΑΝ",112,"11,028"
355,"ΔΙΕΘΝΩΝ & ΕΥΡΩΠΑΪΚΩΝ ΣΠΟΥΔΩΝ (ΠΕΙΡΑΙΑΣ)","ΠΑΝ ΠΕΙΡΑΙΩΣ",135,"18,090"
179,"ΔΙΕΘΝΩΝ, ΕΥΡΩΠΑΪΚΩΝ ΚΑΙ ΠΕΡΙΦΕΡΕΙΑΚΩΝ ΣΠΟΥΔΩΝ (ΑΘΗΝΑ)","ΠΑΝΤΕΙΟ",144,"17,607"
351,"ΠΟΛΙΤΙΚΗΣ ΕΠΙΣΤΗΜΗΣ (ΡΕΘΥΜΝΟ)","ΠΑΝ ΚΡΗΤΗΣ",203,"11,962"
357,"ΠΟΛΙΤΙΚΩΝ ΕΠΙΣΤΗΜΩΝ (ΘΕΣΣΑΛΟΝΙΚΗ) ","ΑΠΘ",117,"16,053"
373,"ΚΟΙΝΩΝΙΚΗΣ ΔΙΟΙΚΗΣΗΣ ΚΑΙ ΠΟΛΙΤΙΚΗΣ ΕΠΙΣΤΗΜΗΣ (ΚΟΜΟΤΗΝΗ) - ΠΟΛΙΤΙΚΗΣ ΕΠΙΣΤΗΜΗΣ","ΔΗΜ ΠΑΝ ΘΡΑΚΗΣ",164,"12,655"
123,"ΠΟΛΙΤΙΚΗΣ ΕΠΙΣΤΗΜΗΣ & ΔΗΜΟΣΙΑΣ ΔΙΟΙΚΗΣΗΣ (ΑΘΗΝΑ)","ΕΚΠΑ",202,"16,368"
124,"ΔΗΜΟΣΙΑΣ ΔΙΟΙΚΗΣΗΣ (ΑΘΗΝΑ)","ΠΑΝΤΕΙΟ",270,"14,701"
125,"ΠΟΛΙΤΙΚΗΣ ΕΠΙΣΤΗΜΗΣ & ΙΣΤΟΡΙΑΣ (ΑΘΗΝΑ)","ΠΑΝΤΕΙΟ",144,"15,343"
411,"ΠΟΛΙΤΙΚΗΣ ΕΠΙΣΤΗΜΗΣ ΚΑΙ ΔΙΕΘΝΩΝ ΣΧΕΣΕΩΝ (ΚΟΡΙΝΘΟΣ)","ΠΑΝ ΠΕΛ/ΝΗΣΟΥ",112,"13,777"
181,"ΜΕΣΟΓΕΙΑΚΩΝ ΣΠΟΥΔΩΝ (ΡΟΔΟΣ)","ΠΑΝ ΑΙΓΑΙΟΥ",140,"11,158"
126,"ΚΟΙΝΩΝΙΟΛΟΓΙΑΣ (ΑΘΗΝΑ)","ΠΑΝΤΕΙΟ",153,"15,170"
149,"ΚΟΙΝΩΝΙΟΛΟΓΙΑΣ (ΡΕΘΥΜΝΟ)","ΠΑΝ ΚΡΗΤΗΣ",153,"12,093"
348,"ΚΟΙΝΩΝΙΟΛΟΓΙΑΣ (ΜΥΤΙΛΗΝΗ)","ΠΑΝ ΑΙΓΑΙΟΥ",180,"11,523"
165,"ΚΟΙΝΩΝΙΚΗΣ ΑΝΘΡΩΠΟΛΟΓΙΑΣ (ΑΘΗΝΑ)","ΠΑΝΤΕΙΟ",117,"14,461"
167,"ΚΟΙΝΩΝΙΚΗΣ ΑΝΘΡΩΠΟΛΟΓΙΑΣ & ΙΣΤΟΡΙΑΣ (ΜΥΤΙΛΗΝΗ)","ΠΑΝ ΑΙΓΑΙΟΥ",182,"11,271"
343,"ΚΟΙΝΩΝΙΚΗΣ ΔΙΟΙΚΗΣΗΣ ΚΑΙ ΠΟΛΙΤΙΚΗΣ ΕΠΙΣΤΗΜΗΣ (ΚΟΜΟΤΗΝΗ) -ΚΟΙΝΩΝΙΚΗΣ ΔΙΟΙΚΗΣΗΣ ","ΔΗΜ ΠΑΝ ΘΡΑΚΗΣ",201,"12,389"
148,"ΕΠΙΚΟΙΝΩΝΙΑΣ & ΜΕΣΩΝ ΜΑΖΙΚΗΣ ΕΝΗΜΕΡΩΣΗΣ (ΑΘΗΝΑ)","ΕΚΠΑ",112,"17,647"
153,"ΕΠΙΚΟΙΝΩΝΙΑΣ, ΜΕΣΩΝ ΚΑΙ ΠΟΛΙΤΙΣΜΟΥ (ΑΘΗΝΑ)","ΠΑΝΤΕΙΟ",135,"16,859"
147,"ΔΗΜΟΣΙΟΓΡΑΦΙΑΣ & ΜΕΣΩΝ ΜΑΖΙΚΗΣ ΕΠΙΚΟΙΝΩΝΙΑΣ (ΘΕΣΣΑΛΟΝΙΚΗ)","ΑΠΘ",112,"16,752"
176,"ΒΑΛΚΑΝΙΚΩΝ, ΣΛΑΒΙΚΩΝ ΚΑΙ ΑΝΑΤΟΛΙΚΩΝ ΣΠΟΥΔΩΝ (ΘΕΣΣΑΛΟΝΙΚΗ)","ΠΑΝ ΜΑΚ/ΝΙΑΣ",162,"14,742"
192,"ΣΛΑΒΙΚΩΝ ΣΠΟΥΔΩΝ (ΑΘΗΝΑ)","ΕΚΠΑ",63,"13,943"
188,"ΤΟΥΡΚΙΚΩΝ ΣΠΟΥΔΩΝ ΚΑΙ ΣΥΓΧΡΟΝΩΝ ΑΣΙΑΤΙΚΩΝ ΣΠΟΥΔΩΝ (ΑΘΗΝΑ)","ΕΚΠΑ",99,"13,049"
171,"ΨΥΧΟΛΟΓΙΑΣ (ΑΘΗΝΑ) - Ε.Κ.Π.Α.","ΕΚΠΑ",130,"17,751"
151,"ΨΥΧΟΛΟΓΙΑΣ (ΡΕΘΥΜΝΟ)","ΠΑΝ ΚΡΗΤΗΣ",153,"17,162"
170,"ΨΥΧΟΛΟΓΙΑΣ (ΑΘΗΝΑ) - ΠΑΝΤΕΙΟ","ΠΑΝΤΕΙΟ",117,"17,478"
172,"ΨΥΧΟΛΟΓΙΑΣ (ΘΕΣΣΑΛΟΝΙΚΗ)","ΑΠΘ",144,"17,596"
385,"ΞΕΝΩΝ ΓΛΩΣΣΩΝ ΜΕΤΑΦΡΑΣΗΣ ΚΑΙ ΔΙΕΡΜΗΝΕΙΑΣ (ΚΕΡΚΥΡΑ)","ΙΟΝΙΟ ΠΑΝ",112,"16,624"
403,"ΕΠΙΣΤΗΜΗΣ ΦΥΣΙΚΗΣ ΑΓΩΓΗΣ ΚΑΙ ΑΘΛΗΤΙΣΜΟΥ (ΘΕΣΣΑΛΟΝΙΚΗ)","ΑΠΘ",130,"15,924"
405,"ΕΠΙΣΤΗΜΗΣ ΦΥΣΙΚΗΣ ΑΓΩΓΗΣ ΚΑΙ ΑΘΛΗΤΙΣΜΟΥ (ΤΡΙΚΑΛΑ)","ΠΑΝ ΘΕΣΣΑΛΙΑΣ",144,"14,577"
402,"ΕΠΙΣΤΗΜΗΣ ΦΥΣΙΚΗΣ ΑΓΩΓΗΣ ΚΑΙ ΑΘΛΗΤΙΣΜΟΥ (ΣΕΡΡΕΣ)","ΑΠΘ",108,"14,149"
401,"ΕΠΙΣΤΗΜΗΣ ΦΥΣΙΚΗΣ ΑΓΩΓΗΣ ΚΑΙ ΑΘΛΗΤΙΣΜΟΥ (ΑΘΗΝΑ)","ΕΚΠΑ",108,"16,322"
404,"ΕΠΙΣΤΗΜΗΣ ΦΥΣΙΚΗΣ ΑΓΩΓΗΣ ΚΑΙ ΑΘΛΗΤΙΣΜΟΥ (ΚΟΜΟΤΗΝΗ)","ΔΗΜ ΠΑΝ ΘΡΑΚΗΣ",279,"13,736"
178,"ΠΑΙΔΑΓΩΓΙΚΟ ΕΙΔΙΚΗΣ ΑΓΩΓΗΣ (ΒΟΛΟΣ)","ΠΑΝ ΘΕΣΣΑΛΙΑΣ",108,"16,119"
132,"ΠΑΙΔΑΓΩΓΙΚΟ ΔΗΜΟΤΙΚΗΣ ΕΚΠΑΙΔΕΥΣΗΣ (ΡΕΘΥΜΝΟ)","ΠΑΝ ΚΡΗΤΗΣ",166,"14,026"
164,"ΠΑΙΔΑΓΩΓΙΚΟ ΔΗΜΟΤΙΚΗΣ ΕΚΠΑΙΔΕΥΣΗΣ (ΒΟΛΟΣ)","ΠΑΝ ΘΕΣΣΑΛΙΑΣ",144,"14,865"
128,"ΠΑΙΔΑΓΩΓΙΚΟ ΔΗΜΟΤΙΚΗΣ ΕΚΠΑΙΔΕΥΣΗΣ (ΑΘΗΝΑ)","ΕΚΠΑ",180,"16,075"
130,"ΠΑΙΔΑΓΩΓΙΚΟ ΔΗΜΟΤΙΚΗΣ ΕΚΠΑΙΔΕΥΣΗΣ (ΙΩΑΝΝΙΝΑ)","ΠΑΝ ΙΩΑΝΝΙΝΩΝ",189,"14,606"
141,"ΠΑΙΔΑΓΩΓΙΚΟ ΔΗΜΟΤΙΚΗΣ ΕΚΠΑΙΔΕΥΣΗΣ (ΠΑΤΡΑ)","ΠΑΝ ΠΑΤΡΩΝ",171,"15,093"
142,"ΠΑΙΔΑΓΩΓΙΚΟ ΔΗΜΟΤΙΚΗΣ ΕΚΠΑΙΔΕΥΣΗΣ (ΑΛΕΞΑΝΔΡΟΥΠΟΛΗ)","ΔΗΜ ΠΑΝ ΘΡΑΚΗΣ",180,"13,576"
143,"ΠΑΙΔΑΓΩΓΙΚΟ ΔΗΜΟΤΙΚΗΣ ΕΚΠΑΙΔΕΥΣΗΣ (ΡΟΔΟΣ)","ΠΑΝ ΑΙΓΑΙΟΥ",207,"12,984"
140,"ΠΑΙΔΑΓΩΓΙΚΟ ΔΗΜΟΤΙΚΗΣ ΕΚΠΑΙΔΕΥΣΗΣ (ΘΕΣΣΑΛΟΝΙΚΗ)","ΑΠΘ",198,"15,733"
334,"ΠΑΙΔΑΓΩΓΙΚΟ ΔΗΜΟΤΙΚΗΣ ΕΚΠΑΙΔΕΥΣΗΣ (ΦΛΩΡΙΝΑ)","ΠΑΝ ΔΥΤ ΜΑΚ/ΝΙΑΣ",153,"13,438"
154,"ΕΚΠΑΙΔΕΥΣΗΣ & ΑΓΩΓΗΣ ΣΤΗΝ ΠΡΟΣΧΟΛΙΚΗ ΗΛΙΚΙΑ (ΑΘΗΝΑ)","ΕΚΠΑ",121,"15,430"
134,"ΕΠΙΣΤΗΜΩΝ ΠΡΟΣΧΟΛΙΚΗΣ ΑΓΩΓΗΣ & ΕΚΠΑΙΔΕΥΣΗΣ (ΘΕΣΣΑΛΟΝΙΚΗ)","ΑΠΘ",135,"15,078"
160,"ΕΠΙΣΤΗΜΩΝ ΤΗΣ ΕΚΠΑΙΔΕΥΣΗΣ ΣΤΗΝ ΠΡΟΣΧΟΛΙΚΗ ΗΛΙΚΙΑ (ΑΛΕΞΑΝΔΡΟΥΠΟΛΗ)","ΔΗΜ ΠΑΝ ΘΡΑΚΗΣ",171,"12,382"
162,"ΕΠΙΣΤΗΜΩΝ ΤΗΣ ΠΡΟΣΧΟΛΙΚΗΣ ΑΓΩΓΗΣ & ΕΚΠΑΙΔΕΥΤΙΚΟΥ ΣΧΕΔΙΑΣΜΟΥ (ΡΟΔΟΣ)","ΠΑΝ ΑΙΓΑΙΟΥ",243,"11,934"
166,"ΠΑΙΔΑΓΩΓΙΚΟ ΠΡΟΣΧΟΛΙΚΗΣ ΕΚΠΑΙΔΕΥΣΗΣ (ΒΟΛΟΣ)","ΠΑΝ ΘΕΣΣΑΛΙΑΣ",126,"13,607"
158,"ΠΑΙΔΑΓΩΓΙΚΟ ΠΡΟΣΧΟΛΙΚΗΣ ΕΚΠΑΙΔΕΥΣΗΣ (ΡΕΘΥΜΝΟ)","ΠΑΝ ΚΡΗΤΗΣ",162,"12,678"
156,"ΠΑΙΔΑΓΩΓΙΚΟ ΝΗΠΙΑΓΩΓΩΝ (ΙΩΑΝΝΙΝΑ)","ΠΑΝ ΙΩΑΝΝΙΝΩΝ",225,"13,062"
341,"ΠΑΙΔΑΓΩΓΙΚΟ ΝΗΠΙΑΓΩΓΩΝ (ΦΛΩΡΙΝΑ)","ΠΑΝ ΔΥΤ ΜΑΚ/ΝΙΑΣ",144,"12,525"
136,"ΕΠΙΣΤΗΜΩΝ ΤΗΣ ΕΚΠΑΙΔΕΥΣΗΣ & ΤΗΣ ΑΓΩΓΗΣ ΣΤΗΝ ΠΡΟΣΧΟΛΙΚΗ ΗΛΙΚΙΑ (ΠΑΤΡΑ)","ΠΑΝ ΠΑΤΡΩΝ",153,"13,715"
407,"ΜΟΥΣΙΚΩΝ ΣΠΟΥΔΩΝ (ΚΕΡΚΥΡΑ)","ΙΟΝΙΟ ΠΑΝ",95,"11,472"
408,"ΜΟΥΣΙΚΩΝ ΣΠΟΥΔΩΝ (ΑΘΗΝΑ)","ΕΚΠΑ",65,"13,316"
406,"ΜΟΥΣΙΚΩΝ ΣΠΟΥΔΩΝ (ΘΕΣΣΑΛΟΝΙΚΗ)","ΑΠΘ",57,"13,812"
409,"ΜΟΥΣΙΚΗΣ ΕΠΙΣΤΗΜΗΣ & ΤΕΧΝΗΣ (ΘΕΣΣΑΛΟΝΙΚΗ)","ΠΑΝ ΜΑΚ/ΝΙΑΣ",74,"15,614"
173,"ΜΕΘΟΔΟΛΟΓΙΑΣ, ΙΣΤΟΡΙΑΣ & ΘΕΩΡΙΑΣ ΤΗΣ ΕΠΙΣΤΗΜΗΣ (ΑΘΗΝΑ)","ΕΚΠΑ",126,"13,195"
354,"ΠΟΛΙΤΙΣΜΙΚΗΣ ΤΕΧΝΟΛΟΓΙΑΣ & ΕΠΙΚΟΙΝΩΝΙΑΣ (ΜΥΤΙΛΗΝΗ)","ΠΑΝ ΑΙΓΑΙΟΥ",126,"10,828"
367,"ΤΕΧΝΩΝ ΗΧΟΥ & ΕΙΚΟΝΑΣ (ΚΕΡΚΥΡΑ)","ΙΟΝΙΟ ΠΑΝ",90,"11,351"
368,"ΔΙΑΧΕΙΡΙΣΗΣ ΠΟΛΙΤΙΣΜΙΚΟΥ ΠΕΡΙΒΑΛΛΟΝΤΟΣ & ΝΕΩΝ ΤΕΧΝΟΛΟΓΙΩΝ (ΑΓΡΙΝΙΟ)","ΠΑΝ ΠΑΤΡΩΝ",109,"10,933"
384,"ΘΕΩΡΙΑΣ ΚΑΙ ΙΣΤΟΡΙΑΣ ΤΗΣ ΤΕΧΝΗΣ (ΑΘΗΝΑ)","ΑΣΚΤ",72,"13,516"
866,"ΣΤΡΑΤΟΛΟΓΙΚΟ - ΣΤΡΑΤΙΩΤ. ΝΟΜ. ΣΥΜΒ. (ΣΣΑΣ) ΘΕΣ/ΝΙΚΗ","ΣΣΑΣ",8,"18,721"
866,"ΣΤΡΑΤΟΛΟΓΙΚΟ - ΣΤΡΑΤΙΩΤ. ΝΟΜ. ΣΥΜΒ. (ΣΣΑΣ) ΘΕΣ/ΝΙΚΗ","ΣΣΑΣ",4,"18,398"
866,"ΣΤΡΑΤΟΛΟΓΙΚΟ - ΣΤΡΑΤΙΩΤ. ΝΟΜ. ΣΥΜΒ. (ΣΣΑΣ) ΘΕΣ/ΝΙΚΗ","ΣΣΑΣ",1,"16,106"
875,"ΨΥΧΟΛΟΓΩΝ (ΣΣΑΣ) ΘΕΣ/ΝΙΚΗ","ΣΣΑΣ",1,"19,223"
875,"ΨΥΧΟΛΟΓΩΝ (ΣΣΑΣ) ΘΕΣ/ΝΙΚΗ","ΣΣΑΣ",1,"16,968"
413,"ΠΡΟΓΡΑΜΜΑ ΙΕΡΑΤΙΚΩΝ ΣΠΟΥΔΩΝ ΑΘΗΝΑΣ","ΑΕΑ ΑΘΗΝΑΣ",63,"9,878"
413,"ΠΡΟΓΡΑΜΜΑ ΙΕΡΑΤΙΚΩΝ ΣΠΟΥΔΩΝ ΑΘΗΝΑΣ","ΑΕΑ ΑΘΗΝΑΣ",6,"5,432"
414,"ΠΡΟΓΡΑΜΜΑ ΙΕΡΑΤΙΚΩΝ ΣΠΟΥΔΩΝ ΘΕΣ/ΝΙΚΗΣ","ΑΕΑ ΘΕΣ/ΝΙΚΗΣ",64,"9,651"
414,"ΠΡΟΓΡΑΜΜΑ ΙΕΡΑΤΙΚΩΝ ΣΠΟΥΔΩΝ ΘΕΣ/ΝΙΚΗΣ","ΑΕΑ ΘΕΣ/ΝΙΚΗΣ",6,"6,382"
415,"ΠΡΟΓΡΑΜΜΑ ΙΕΡΑΤΙΚΩΝ ΣΠΟΥΔΩΝ ΒΕΛΛΑΣ ΙΩΑΝΝΙΝΩΝ","ΑΕΑ ΙΩΑΝ ",56,"9,066"
415,"ΠΡΟΓΡΑΜΜΑ ΙΕΡΑΤΙΚΩΝ ΣΠΟΥΔΩΝ ΒΕΛΛΑΣ ΙΩΑΝΝΙΝΩΝ","ΑΕΑ ΙΩΑΝ ",5,"4,168"
416,"ΠΡΟΓΡΑΜΜΑ ΙΕΡΑΤΙΚΩΝ ΣΠΟΥΔΩΝ ΗΡΑΚΛΕΙΟΥ ΚΡΗΤΗΣ","ΑΕΑ ΚΡΗΤΗΣ",75,"8,595"
416,"ΠΡΟΓΡΑΜΜΑ ΙΕΡΑΤΙΚΩΝ ΣΠΟΥΔΩΝ ΗΡΑΚΛΕΙΟΥ ΚΡΗΤΗΣ","ΑΕΑ ΚΡΗΤΗΣ",7,"4,533"
417,"ΠΡΟΓΡΑΜΜΑ ΕΚΚΛΗΣΙΑΣΤΙΚΗΣ ΜΟΥΣΙΚΗΣ ΚΑΙ ΨΑΛΤΙΚΗΣ ΒΕΛΛΑΣ ΙΩΑΝΝΙΝΩΝ","ΑΕΑ ΙΩΑΝ ",55,"9,977"
417,"ΠΡΟΓΡΑΜΜΑ ΕΚΚΛΗΣΙΑΣΤΙΚΗΣ ΜΟΥΣΙΚΗΣ ΚΑΙ ΨΑΛΤΙΚΗΣ ΒΕΛΛΑΣ ΙΩΑΝΝΙΝΩΝ","ΑΕΑ ΙΩΑΝ ",5,"3,843"
418,"ΠΡΟΓΡΑΜΜΑ ΕΚΚΛΗΣΙΑΣΤΙΚΗΣ ΜΟΥΣΙΚΗΣ ΚΑΙ ΨΑΛΤΙΚΗΣ ΗΡΑΚΛΕΙΟΥ ΚΡΗΤΗΣ","ΑΕΑ ΚΡΗΤΗΣ",85,"9,729"
418,"ΠΡΟΓΡΑΜΜΑ ΕΚΚΛΗΣΙΑΣΤΙΚΗΣ ΜΟΥΣΙΚΗΣ ΚΑΙ ΨΑΛΤΙΚΗΣ ΗΡΑΚΛΕΙΟΥ ΚΡΗΤΗΣ","ΑΕΑ ΚΡΗΤΗΣ",8,"3,489"
599,"ΒΙΒΛΙΟΘΗΚΟΝΟΜΙΑΣ & ΣΥΣΤΗΜΑΤΩΝ ΠΛΗΡΟΦΟΡΗΣΗΣ (ΑΘΗΝΑ)","ΤΕΙ ΑΘΗΝΑΣ",72,"12,240"
601,"ΒΙΒΛΙΟΘΗΚΟΝΟΜΙΑΣ & ΣΥΣΤΗΜΑΤΩΝ ΠΛΗΡΟΦΟΡΗΣΗΣ (ΘΕΣΣΑΛΟΝΙΚΗ)","ΤΕΙ ΘΕΣ/ΚΗΣ",83,"11,526"
661,"ΚΟΙΝΩΝΙΚΗΣ ΕΡΓΑΣΙΑΣ (ΑΘΗΝΑ)","ΤΕΙ ΑΘΗΝΑΣ",72,"14,408"
643,"ΚΟΙΝΩΝΙΚΗΣ ΕΡΓΑΣΙΑΣ (ΗΡΑΚΛΕΙΟ)","ΤΕΙ ΚΡΗΤΗΣ",90,"12,019"
690,"ΠΡΟΣΧΟΛΙΚΗΣ ΑΓΩΓΗΣ (ΑΘΗΝΑ)","ΤΕΙ ΑΘΗΝΑΣ",72,"13,914"
692,"ΠΡΟΣΧΟΛΙΚΗΣ ΑΓΩΓΗΣ (ΙΩΑΝΝΙΝΑ)","ΤΕΙ ΗΠΕΙΡΟΥ",85,"12,104"
694,"ΠΡΟΣΧΟΛΙΚΗΣ ΑΓΩΓΗΣ (ΘΕΣΣΑΛΟΝΙΚΗ)","ΤΕΙ ΘΕΣ/ΚΗΣ",69,"13,095"
696,"ΛΑΪΚΗΣ & ΠΑΡΑΔΟΣΙΑΚΗΣ ΜΟΥΣΙΚΗΣ (ΑΡΤΑ)","ΤΕΙ ΗΠΕΙΡΟΥ",90,"10,416"
730,"ΨΗΦΙΑΚΩΝ ΜΕΣΩΝ & ΕΠΙΚΟΙΝΩΝΙΑΣ Τ.Ε. (ΚΑΣΤΟΡΙΑ)","ΤΕΙ ΔΥΤ ΜΑΚ/ΝΙΑΣ",121,"10,802"
748,"ΤΕΧΝΟΛΟΓΩΝ ΠΕΡΙΒΑΛΛΟΝΤΟΣ Τ.Ε. (ΖΑΚΥΝΘΟΣ) - ΣΥΝΤΗΡΗΣΗΣ ΠΟΛΙΤΙΣΜΙΚΗΣ ΚΛΗΡΟΝΟΜΙΑΣ Τ.Ε.","ΤΕΙ ΙΟΝΙΩΝ ΝΗΣ",76,"6,003"
741,"ΨΗΦΙΑΚΩΝ ΜΕΣΩΝ & ΕΠΙΚΟΙΝΩΝΙΑΣ Τ.Ε.  (ΑΡΓΟΣΤΟΛΙ) ","ΤΕΙ ΙΟΝΙΩΝ ΝΗΣ",135,"10,632"
602,"ΔΙΟΙΚΗΣΗΣ ΕΠΙΧΕΙΡΗΣΕΩΝ (ΗΓΟΥΜΕΝΙΤΣΑ) - ΔΙΟΙΚΗΣΗ ΕΠΙΧΕΙΡΗΣΕΩΝ ","ΤΕΙ ΗΠΕΙΡΟΥ",104,"10,957"
755,"ΔΙΟΙΚΗΣΗΣ, ΟΙΚΟΝΟΜΙΑΣ & ΕΠΙΚΟΙΝΩΝΙΑΣ ΠΟΛΙΤΙΣΤΙΚΩΝ & ΤΟΥΡΙΣΤΙΚΩΝ ΜΟΝΑΔΩΝ (ΑΜΦΙΣΣΑ)  ","ΤΕΙ  ΣΤΕΡ ΕΛΛΑΔΑΣ",104,"10,820"
756,"ΔΙΟΙΚΗΣΗΣ, ΟΙΚΟΝΟΜΙΑΣ & ΕΠΙΚΟΙΝΩΝΙΑΣ ΠΟΛΙΤΙΣΤΙΚΩΝ & ΤΟΥΡΙΣΤΙΚΩΝ ΜΟΝΑΔΩΝ (ΠΥΡΓΟΣ)  ","ΤΕΙ ΔΥΤ ΕΛΛΑΔΑΣ",122,"10,779"
248,"ΜΑΘΗΜΑΤΙΚΩΝ KAI ΕΦΑΡΜΟΣΜΕΝΩΝ ΜΑΘΗΜΑΤΙΚΩΝ (ΗΡΑΚΛΕΙΟ) - ΕΦΑΡΜΟΣΜΕΝΩΝ ΜΑΘΗΜΑΤΙΚΩΝ","ΠΑΝ ΚΡΗΤΗΣ",157,"12,373"
250,"ΕΠΙΣΤΗΜΩΝ ΤΗΣ ΘΑΛΑΣΣΑΣ (ΜΥΤΙΛΗΝΗ)","ΠΑΝ ΑΙΓΑΙΟΥ",94,"7,876"
218,"ΜΑΘΗΜΑΤΙΚΩΝ (ΣΑΜΟΣ) - ΣΤΑΤΙΣΤΙΚΗΣ ΚΑΙ ΑΝΑΛΟΓΙΣΤΙΚΩΝ-ΧΡΗΜΑΤΟΟΙΚΟΝΟΜΙΚΩΝ ΜΑΘΗΜΑΤΙΚΩΝ","ΠΑΝ ΑΙΓΑΙΟΥ",163,"10,574"
329,"ΣΤΑΤΙΣΤΙΚΗΣ (ΑΘΗΝΑ)","ΟΠΑ",103,"13,488"
249,"ΜΑΘΗΜΑΤΙΚΩΝ (ΙΩΑΝΝΙΝΑ)","ΠΑΝ ΙΩΑΝΝΙΝΩΝ",252,"13,464"
247,"ΜΑΘΗΜΑΤΙΚΩΝ (ΠΑΤΡΑ)","ΠΑΝ ΠΑΤΡΩΝ",279,"13,634"
251,"ΜΑΘΗΜΑΤΙΚΩΝ KAI ΕΦΑΡΜΟΣΜΕΝΩΝ ΜΑΘΗΜΑΤΙΚΩΝ (ΗΡΑΚΛΕΙΟ) - ΜΑΘΗΜΑΤΙΚΩΝ ","ΠΑΝ ΚΡΗΤΗΣ",153,"13,287"
252,"ΜΑΘΗΜΑΤΙΚΩΝ (ΣΑΜΟΣ) - ΜΑΘΗΜΑΤΙΚΩΝ","ΠΑΝ ΑΙΓΑΙΟΥ",207,"11,956"
245,"ΜΑΘΗΜΑΤΙΚΩΝ (ΘΕΣΣΑΛΟΝΙΚΗ)","ΑΠΘ",153,"15,574"
243,"ΜΑΘΗΜΑΤΙΚΩΝ (ΑΘΗΝΑ) ","ΕΚΠΑ",225,"15,514"
259,"ΦΥΣΙΚΗΣ (ΙΩΑΝΝΙΝΑ)","ΠΑΝ ΙΩΑΝΝΙΝΩΝ",189,"13,802"
257,"ΦΥΣΙΚΗΣ (ΠΑΤΡΑ)","ΠΑΝ ΠΑΤΡΩΝ",180,"14,323"
261,"ΦΥΣΙΚΗΣ (ΗΡΑΚΛΕΙΟ)","ΠΑΝ ΚΡΗΤΗΣ",153,"13,763"
253,"ΦΥΣΙΚΗΣ (ΑΘΗΝΑ)","ΕΚΠΑ",180,"16,118"
255,"ΦΥΣΙΚΗΣ (ΘΕΣΣΑΛΟΝΙΚΗ)","ΑΠΘ",171,"15,590"
269,"ΧΗΜΕΙΑΣ (ΙΩΑΝΝΙΝΑ)","ΠΑΝ ΙΩΑΝΝΙΝΩΝ",180,"15,017"
267,"ΧΗΜΕΙΑΣ (ΠΑΤΡΑ)","ΠΑΝ ΠΑΤΡΩΝ",153,"15,503"
270,"ΧΗΜΕΙΑΣ (ΗΡΑΚΛΕΙΟ)","ΠΑΝ ΚΡΗΤΗΣ",117,"15,006"
263,"ΧΗΜΕΙΑΣ (ΑΘΗΝΑ)","ΕΚΠΑ",94,"16,653"
265,"ΧΗΜΕΙΑΣ (ΘΕΣΣΑΛΟΝΙΚΗ)","ΑΠΘ",144,"15,954"
287,"ΓΕΩΛΟΓΙΑΣ (ΠΑΤΡΑ)","ΠΑΝ ΠΑΤΡΩΝ",162,"11,647"
283,"ΓΕΩΛΟΓΙΑΣ & ΓΕΩΠΕΡΙΒΑΛΛΟΝΤΟΣ (ΑΘΗΝΑ)","ΕΚΠΑ",103,"12,944"
285,"ΓΕΩΛΟΓΙΑΣ (ΘΕΣΣΑΛΟΝΙΚΗ)","ΑΠΘ",108,"13,239"
310,"ΓΕΩΓΡΑΦΙΑΣ (ΜΥΤΙΛΗΝΗ)","ΠΑΝ ΑΙΓΑΙΟΥ",182,"7,648"
356,"ΓΕΩΓΡΑΦΙΑΣ (ΑΘΗΝΑ)","ΧΑΡΟΚΟΠΕΙΟ ΠΑΝ",81,"11,595"
281,"ΒΙΟΛΟΓΙΑΣ (ΠΑΤΡΑ)","ΠΑΝ ΠΑΤΡΩΝ",135,"17,066"
282,"ΒΙΟΛΟΓΙΑΣ (ΗΡΑΚΛΕΙΟ)","ΠΑΝ ΚΡΗΤΗΣ",121,"16,905"
277,"ΒΙΟΛΟΓΙΑΣ (ΑΘΗΝΑ)","ΕΚΠΑ",99,"17,677"
279,"ΒΙΟΛΟΓΙΑΣ (ΘΕΣΣΑΛΟΝΙΚΗ)","ΑΠΘ",103,"17,439"
246,"ΕΦΑΡΜΟΣΜΕΝΩΝ ΜΑΘΗΜΑΤΙΚΩΝ & ΦΥΣΙΚΩΝ ΕΠΙΣΤΗΜΩΝ (ΑΘΗΝΑ)","ΕΜΠ",153,"15,547"
272,"ΜΗΧΑΝΙΚΩΝ ΕΠΙΣΤΗΜΗΣ ΥΛΙΚΩΝ (ΙΩΑΝΝΙΝΑ)","ΠΑΝ ΙΩΑΝΝΙΝΩΝ",126,"10,647"
200,"ΕΠΙΣΤΗΜΗΣ & ΤΕΧΝΟΛΟΓΙΑΣ ΥΛΙΚΩΝ (ΗΡΑΚΛΕΙΟ)","ΠΑΝ ΚΡΗΤΗΣ",130,"10,051"
288,"ΕΠΙΣΤΗΜΗΣ ΤΩΝ ΥΛΙΚΩΝ (ΠΑΤΡΑ)","ΠΑΝ ΠΑΤΡΩΝ",126,"10,609"
323,"ΕΠΙΣΤΗΜΗΣ ΦΥΤΙΚΗΣ ΠΑΡΑΓΩΓΗΣ (ΑΘΗΝΑ)","ΓΕΩΠ ΠΑΝ ΑΘ",144,"14,060"
324,"ΕΠΙΣΤΗΜΗΣ ΖΩΪΚΗΣ ΠΑΡΑΓΩΓΗΣ & ΥΔΑΤΟΚΑΛΛΙΕΡΓΕΙΩΝ (ΑΘΗΝΑ)","ΓΕΩΠ ΠΑΝ ΑΘ",99,"12,667"
325,"ΒΙΟΤΕΧΝΟΛΟΓΙΑΣ (ΑΘΗΝΑ)","ΓΕΩΠ ΠΑΝ ΑΘ",99,"15,413"
328,"ΕΠΙΣΤΗΜΗΣ ΤΡΟΦΙΜΩΝ ΚΑΙ ΔΙΑΤΡΟΦΗΣ ΤΟΥ ΑΝΘΡΩΠΟΥ (ΑΘΗΝΑ)","ΓΕΩΠ ΠΑΝ ΑΘ",99,"15,055"
327,"ΑΞΙΟΠΟΙΗΣΗΣ ΦΥΣΙΚΩΝ ΠΟΡΩΝ ΚΑΙ ΓΕΩΡΓΙΚΗΣ ΜΗΧΑΝΙΚΗΣ (ΑΘΗΝΑ)","ΓΕΩΠ ΠΑΝ ΑΘ",108,"13,119"
273,"ΓΕΩΠΟΝΙΑΣ (ΘΕΣΣΑΛΟΝΙΚΗ)","ΑΠΘ",220,"14,202"
275,"ΔΑΣΟΛΟΓΙΑΣ & ΦΥΣΙΚΟΥ ΠΕΡΙΒΑΛΛΟΝΤΟΣ (ΘΕΣΣΑΛΟΝΙΚΗ)","ΑΠΘ",103,"11,813"
274,"ΓΕΩΠΟΝΙΑΣ, ΦΥΤΙΚΗΣ ΠΑΡΑΓΩΓΗΣ ΚΑΙ ΑΓΡΟΤΙΚΟΥ ΠΕΡΙΒΑΛΛΟΝΤΟΣ (ΒΟΛΟΣ)","ΠΑΝ ΘΕΣΣΑΛΙΑΣ",126,"13,147"
360,"ΓΕΩΠΟΝΙΑΣ, ΙΧΘΥΟΛΟΓΙΑΣ ΚΑΙ ΥΔΑΤΙΝΟΥ ΠΕΡΙΒΑΛΛΟΝΤΟΣ (ΒΟΛΟΣ)","ΠΑΝ ΘΕΣΣΑΛΙΑΣ",144,"10,799"
276,"ΠΕΡΙΒΑΛΛΟΝΤΟΣ (ΜΥΤΙΛΗΝΗ)","ΠΑΝ ΑΙΓΑΙΟΥ",90,"9,007"
262,"ΨΗΦΙΑΚΩΝ ΣΥΣΤΗΜΑΤΩΝ (ΠΕΙΡΑΙΑΣ)","ΠΑΝ ΠΕΙΡΑΙΩΣ",157,"14,034"
333,"ΠΛΗΡΟΦΟΡΙΚΗΣ (ΑΘΗΝΑ)","ΟΠΑ",180,"15,576"
340,"ΜΗΧΑΝΙΚΩΝ ΗΛΕΚΤΡΟΝΙΚΩΝ ΥΠΟΛΟΓΙΣΤΩΝ ΚΑΙ ΠΛΗΡΟΦΟΡΙΚΗΣ (ΙΩΑΝΝΙΝΑ)","ΠΑΝ ΙΩΑΝΝΙΝΩΝ",180,"14,405"
338,"ΠΛΗΡΟΦΟΡΙΚΗΣ (ΘΕΣΣΑΛΟΝΙΚΗ)","ΑΠΘ",90,"16,018"
339,"ΠΛΗΡΟΦΟΡΙΚΗΣ (ΠΕΙΡΑΙΑΣ)","ΠΑΝ ΠΕΙΡΑΙΩΣ",135,"15,114"
366,"ΠΛΗΡΟΦΟΡΙΚΗΣ (ΚΕΡΚΥΡΑ)","ΙΟΝΙΟ ΠΑΝ",180,"11,596"
99,"ΠΛΗΡΟΦΟΡΙΚΗΣ (ΛΑΜΙΑ)","ΠΑΝ ΘΕΣΣΑΛΙΑΣ",180,"11,922"
330,"ΠΛΗΡΟΦΟΡΙΚΗΣ ΚΑΙ ΤΗΛΕΠΙΚΟΙΝΩΝΙΩΝ (ΑΘΗΝΑ)","ΕΚΠΑ",162,"16,707"
98,"ΠΛΗΡΟΦΟΡΙΚΗΣ ΚΑΙ ΤΗΛΕΠΙΚΟΙΝΩΝΙΩΝ (ΤΡΙΠΟΛΗ)","ΠΑΝ ΠΕΛ/ΝΗΣΟΥ",171,"11,851"
412,"ΠΛΗΡΟΦΟΡΙΚΗΣ ΚΑΙ ΤΗΛΕΜΑΤΙΚΗΣ (ΑΘΗΝΑ)","ΧΑΡΟΚΟΠΕΙΟ ΠΑΝ",63,"14,715"
369,"ΠΛΗΡΟΦΟΡΙΚΗΣ ΜΕ ΕΦΑΡΜΟΓΕΣ ΣΤΗ ΒΙΟΪΑΤΡΙΚΗ (ΛΑΜΙΑ)","ΠΑΝ ΘΕΣΣΑΛΙΑΣ",135,"12,617"
344,"ΜΗΧΑΝΙΚΩΝ ΠΛΗΡΟΦΟΡΙΑΚΩΝ & ΕΠΙΚΟΙΝΩΝΙΑΚΩΝ ΣΥΣΤΗΜΑΤΩΝ (ΣΑΜΟΣ)","ΠΑΝ ΑΙΓΑΙΟΥ",201,"10,751"
371,"ΜΗΧΑΝΙΚΩΝ ΠΛΗΡΟΦΟΡΙΚΗΣ & ΤΗΛΕΠΙΚΟΙΝΩΝΙΩΝ (ΚΟΖΑΝΗ)","ΠΑΝ ΔΥΤ ΜΑΚ/ΝΙΑΣ",126,"12,902"
216,"ΕΠΙΣΤΗΜΗΣ ΥΠΟΛΟΓΙΣΤΩΝ (ΗΡΑΚΛΕΙΟ)","ΠΑΝ ΚΡΗΤΗΣ",135,"13,756"
335,"ΕΦΑΡΜΟΣΜΕΝΗΣ ΠΛΗΡΟΦΟΡΙΚΗΣ (ΘΕΣΣΑΛΟΝΙΚΗ)","ΠΑΝ ΜΑΚ/ΝΙΑΣ",180,"14,769"
801,"ΕΥΕΛΠΙΔΩΝ (ΣΣΕ) - ΟΠΛΑ","ΣΣΕ",106,"16,064"
801,"ΕΥΕΛΠΙΔΩΝ (ΣΣΕ) - ΟΠΛΑ","ΣΣΕ",50,"14,940"
801,"ΕΥΕΛΠΙΔΩΝ (ΣΣΕ) - ΟΠΛΑ","ΣΣΕ",2,"6,303"
806,"ΕΥΕΛΠΙΔΩΝ (ΣΣΕ) - ΣΩΜΑΤΑ","ΣΣΕ",14,"17,355"
806,"ΕΥΕΛΠΙΔΩΝ (ΣΣΕ) - ΣΩΜΑΤΑ","ΣΣΕ",6,"16,881"
806,"ΕΥΕΛΠΙΔΩΝ (ΣΣΕ) - ΣΩΜΑΤΑ","ΣΣΕ",1,"12,084"
821,"ΙΚΑΡΩΝ (ΣΙ) ΙΠΤΑΜΕΝΟΙ","ΣΙ",30,"17,189"
821,"ΙΚΑΡΩΝ (ΣΙ) ΙΠΤΑΜΕΝΟΙ","ΣΙ",13,"16,188"
826,"ΙΚΑΡΩΝ (ΣΙ) ΜΗΧΑΝΙΚΟΙ (ΣΜΑ)","ΣΙ",5,"18,904"
826,"ΙΚΑΡΩΝ (ΣΙ) ΜΗΧΑΝΙΚΟΙ (ΣΜΑ)","ΣΙ",3,"18,645"
826,"ΙΚΑΡΩΝ (ΣΙ) ΜΗΧΑΝΙΚΟΙ (ΣΜΑ)","ΣΙ",1,"11,440"
811,"ΝΑΥΤΙΚΩΝ ΔΟΚΙΜΩΝ (ΣΝΔ) ΜΑΧΙΜΟΙ","ΣΝΔ",14,"17,389"
811,"ΝΑΥΤΙΚΩΝ ΔΟΚΙΜΩΝ (ΣΝΔ) ΜΑΧΙΜΟΙ","ΣΝΔ",6,"17,152"
816,"ΝΑΥΤΙΚΩΝ ΔΟΚΙΜΩΝ (ΣΝΔ) ΜΗΧΑΝΙΚΟΙ","ΣΝΔ",7,"17,685"
816,"ΝΑΥΤΙΚΩΝ ΔΟΚΙΜΩΝ (ΣΝΔ) ΜΗΧΑΝΙΚΟΙ","ΣΝΔ",3,"17,453"
862,"ΜΟΝΙΜΩΝ ΥΠΑΞΙΩΜΑΤΙΚΩΝ ΣΤΡΑΤΟΥ (Σ.Μ.Υ.) - ΟΠΛΑ","ΣΜΥ",64,"14,817"
862,"ΜΟΝΙΜΩΝ ΥΠΑΞΙΩΜΑΤΙΚΩΝ ΣΤΡΑΤΟΥ (Σ.Μ.Υ.) - ΟΠΛΑ","ΣΜΥ",27,"14,172"
863,"ΜΟΝΙΜΩΝ ΥΠΑΞΙΩΜΑΤΙΚΩΝ ΣΤΡΑΤΟΥ (Σ.Μ.Υ.) - ΣΩΜΑΤΑ","ΣΜΥ",30,"15,576"
863,"ΜΟΝΙΜΩΝ ΥΠΑΞΙΩΜΑΤΙΚΩΝ ΣΤΡΑΤΟΥ (Σ.Μ.Υ.) - ΣΩΜΑΤΑ","ΣΜΥ",13,"14,749"
864,"ΜΟΝΙΜΩΝ ΥΠΑΞΙΩΜΑΤΙΚΩΝ ΝΑΥΤΙΚΟΥ (Σ.Μ.Υ.Ν.)","ΣΜΥΝ",42,"15,426"
864,"ΜΟΝΙΜΩΝ ΥΠΑΞΙΩΜΑΤΙΚΩΝ ΝΑΥΤΙΚΟΥ (Σ.Μ.Υ.Ν.)","ΣΜΥΝ",20,"14,603"
864,"ΜΟΝΙΜΩΝ ΥΠΑΞΙΩΜΑΤΙΚΩΝ ΝΑΥΤΙΚΟΥ (Σ.Μ.Υ.Ν.)","ΣΜΥΝ",1,"8,759"
817,"ΣΧΟΛΗ ΠΛΟΙΑΡΧΩΝ","ΑΕΝ",196,"10,278"
817,"ΣΧΟΛΗ ΠΛΟΙΑΡΧΩΝ","ΑΕΝ",19,"7,894"
817,"ΣΧΟΛΗ ΠΛΟΙΑΡΧΩΝ","ΑΕΝ",6,"9,740"
817,"ΣΧΟΛΗ ΠΛΟΙΑΡΧΩΝ","ΑΕΝ",4,"8,749"
818,"ΣΧΟΛΗ ΜΗΧΑΝΙΚΩΝ","ΑΕΝ",106,"9,848"
818,"ΣΧΟΛΗ ΜΗΧΑΝΙΚΩΝ","ΑΕΝ",11,"7,703"
818,"ΣΧΟΛΗ ΜΗΧΑΝΙΚΩΝ","ΑΕΝ",3,"9,654"
818,"ΣΧΟΛΗ ΜΗΧΑΝΙΚΩΝ","ΑΕΝ",2,"8,746"
318,"ΣΤΑΤΙΣΤΙΚΗΣ & ΑΣΦΑΛΙΣΤΙΚΗΣ ΕΠΙΣΤΗΜΗΣ (ΠΕΙΡΑΙΑΣ)","ΠΑΝ ΠΕΙΡΑΙΩΣ",198,"13,795"
698,"ΤΕΧΝΟΛΟΓΩΝ ΠΕΡΙΒΑΛΛΟΝΤΟΣ Τ.Ε. (ΖΑΚΥΝΘΟΣ) - ΤΕΧΝΟΛΟΓΙΩΝ ΦΥΣΙΚΟΥ ΠΕΡΙΒΑΛΛΟΝΤΟΣ Τ.Ε.","ΤΕΙ ΙΟΝΙΩΝ ΝΗΣ",78,"7,141"
550,"ΔΑΣΟΠΟΝΙΑΣ & ΔΙΑΧΕΙΡΙΣΗΣ ΦΥΣΙΚΟΥ ΠΕΡΙΒΑΛΛΟΝΤΟΣ (ΔΡΑΜΑ)","ΤΕΙ ΑΝΑΤ ΜΑΚ/ΝΙΑΣ & ΘΡΑΚΗΣ",102,"7,354"
551,"ΔΑΣΟΠΟΝΙΑΣ & ΔΙΑΧΕΙΡΙΣΗΣ ΦΥΣΙΚΟΥ ΠΕΡΙΒΑΛΛΟΝΤΟΣ (ΚΑΡΠΕΝΗΣΙ) ","ΤΕΙ  ΣΤΕΡ ΕΛΛΑΔΑΣ",93,"7,199"
557,"ΤΕΧΝΟΛΟΓΩΝ ΓΕΩΠΟΝΩΝ (ΑΜΑΛΙΑΔΑ)","ΤΕΙ ΔΥΤ ΕΛΛΑΔΑΣ",115,"7,678"
757,"ΤΕΧΝΟΛΟΓΩΝ ΓΕΩΠΟΝΩΝ (ΑΡΤΑ)","ΤΕΙ ΗΠΕΙΡΟΥ",120,"7,757"
758,"ΤΕΧΝΟΛΟΓΩΝ ΓΕΩΠΟΝΩΝ (ΗΡΑΚΛΕΙΟ) ","ΤΕΙ ΚΡΗΤΗΣ",119,"8,734"
759,"ΤΕΧΝΟΛΟΓΩΝ ΓΕΩΠΟΝΩΝ (ΘΕΣΣΑΛΟΝΙΚΗ) ","ΤΕΙ ΘΕΣ/ΚΗΣ",152,"10,720"
760,"ΤΕΧΝΟΛΟΓΩΝ ΓΕΩΠΟΝΩΝ (ΚΑΛΑΜΑΤΑ)","ΤΕΙ ΠΕΛ/ΝΗΣΟΥ",111,"8,586"
761,"ΤΕΧΝΟΛΟΓΩΝ ΓΕΩΠΟΝΩΝ (ΛΑΡΙΣΑ)","ΤΕΙ ΘΕΣΣΑΛΙΑΣ",152,"9,619"
762,"ΤΕΧΝΟΛΟΓΩΝ ΓΕΩΠΟΝΩΝ (ΦΛΩΡΙΝΑ)","ΤΕΙ ΔΥΤ ΜΑΚ/ΝΙΑΣ",153,"7,895"
555,"ΤΕΧΝΟΛΟΓΙΑΣ ΑΛΙΕΙΑΣ - ΥΔΑΤΟΚΑΛΛΙΕΡΓΕΙΩΝ (ΜΕΣΟΛΟΓΓΙ)","ΤΕΙ ΔΥΤ ΕΛΛΑΔΑΣ",91,"7,122"
546,"ΤΕΧΝΟΛΟΓΙΑΣ ΤΡΟΦΙΜΩΝ (ΑΡΓΟΣΤΟΛΙ)","ΤΕΙ ΙΟΝΙΩΝ ΝΗΣ",121,"8,410"
301,"ΙΑΤΡΙΚΗΣ (ΙΩΑΝΝΙΝΑ)","ΠΑΝ ΙΩΑΝΝΙΝΩΝ",130,"18,339"
299,"ΙΑΤΡΙΚΗΣ (ΠΑΤΡΑ)","ΠΑΝ ΠΑΤΡΩΝ",153,"18,494"
302,"ΙΑΤΡΙΚΗΣ (ΑΛΕΞΑΝΔΡΟΥΠΟΛΗ)","ΔΗΜ ΠΑΝ ΘΡΑΚΗΣ",135,"18,174"
304,"ΙΑΤΡΙΚΗΣ (ΗΡΑΚΛΕΙΟ)","ΠΑΝ ΚΡΗΤΗΣ",112,"18,259"
300,"ΙΑΤΡΙΚΗΣ (ΛΑΡΙΣΑ)","ΠΑΝ ΘΕΣΣΑΛΙΑΣ",85,"18,308"
295,"ΙΑΤΡΙΚΗΣ (ΑΘΗΝΑ)","ΕΚΠΑ",162,"18,924"
297,"ΙΑΤΡΙΚΗΣ (ΘΕΣΣΑΛΟΝΙΚΗ)","ΑΠΘ",171,"18,686"
303,"ΟΔΟΝΤΙΑΤΡΙΚΗΣ (ΑΘΗΝΑ)","ΕΚΠΑ",85,"18,115"
305,"ΟΔΟΝΤΙΑΤΡΙΚΗΣ (ΘΕΣΣΑΛΟΝΙΚΗ)","ΑΠΘ",76,"18,054"
306,"ΝΟΣΗΛΕΥΤΙΚΗΣ (ΑΘΗΝΑ) ","ΕΚΠΑ",108,"16,210"
190,"ΝΟΣΗΛΕΥΤΙΚΗΣ (ΣΠΑΡΤΗ) ","ΠΑΝ ΠΕΛ/ΝΗΣΟΥ",126,"14,650"
307,"ΚΤΗΝΙΑΤΡΙΚΗΣ (ΘΕΣΣΑΛΟΝΙΚΗ)","ΑΠΘ",76,"17,670"
308,"ΚΤΗΝΙΑΤΡΙΚΗΣ (ΚΑΡΔΙΤΣΑ)","ΠΑΝ ΘΕΣΣΑΛΙΑΣ",76,"17,360"
294,"ΕΠΙΣΤΗΜΗΣ ΔΙΑΙΤΟΛΟΓΙΑΣ & ΔΙΑΤΡΟΦΗΣ (ΑΘΗΝΑ)","ΧΑΡΟΚΟΠΕΙΟ ΠΑΝ",63,"17,145"
372,"ΕΠΙΣΤΗΜΗΣ ΤΡΟΦΙΜΩΝ & ΔΙΑΤΡΟΦΗΣ (ΛΗΜΝΟΣ)","ΠΑΝ ΑΙΓΑΙΟΥ",117,"11,206"
290,"ΜΟΡΙΑΚΗΣ ΒΙΟΛΟΓΙΑΣ & ΓΕΝΕΤΙΚΗΣ (ΑΛΕΞΑΝΔΡΟΥΠΟΛΗ)","ΔΗΜ ΠΑΝ ΘΡΑΚΗΣ",117,"16,838"
293,"ΦΑΡΜΑΚΕΥΤΙΚΗΣ (ΠΑΤΡΑ)","ΠΑΝ ΠΑΤΡΩΝ",144,"17,708"
289,"ΦΑΡΜΑΚΕΥΤΙΚΗΣ (ΑΘΗΝΑ)","ΕΚΠΑ",108,"17,938"
291,"ΦΑΡΜΑΚΕΥΤΙΚΗΣ (ΘΕΣΣΑΛΟΝΙΚΗ)","ΑΠΘ",90,"17,922"
280,"ΒΙΟΛΟΓΙΚΩΝ ΕΦΑΡΜΟΓΩΝ & ΤΕΧΝΟΛΟΓΙΩΝ (ΙΩΑΝΝΙΝΑ)","ΠΑΝ ΙΩΑΝΝΙΝΩΝ",112,"16,246"
284,"ΒΙΟΧΗΜΕΙΑΣ & ΒΙΟΤΕΧΝΟΛΟΓΙΑΣ (ΛΑΡΙΣΑ)","ΠΑΝ ΘΕΣΣΑΛΙΑΣ",99,"16,361"
831,"ΙΑΤΡΙΚΟ (ΣΣΑΣ) ΘΕΣ/ΝΙΚΗΣ","ΣΣΑΣ",14,"18,994"
831,"ΙΑΤΡΙΚΟ (ΣΣΑΣ) ΘΕΣ/ΝΙΚΗΣ","ΣΣΑΣ",7,"18,657"
831,"ΙΑΤΡΙΚΟ (ΣΣΑΣ) ΘΕΣ/ΝΙΚΗΣ","ΣΣΑΣ",1,"15,812"
851,"ΑΞΙΩΜΑΤΙΚΩΝ ΝΟΣΗΛΕΥΤΙΚΗΣ (ΣΑΝ)","ΣΑΝ",15,"17,681"
851,"ΑΞΙΩΜΑΤΙΚΩΝ ΝΟΣΗΛΕΥΤΙΚΗΣ (ΣΑΝ)","ΣΑΝ",6,"17,328"
836,"ΟΔΟΝΤΙΑΤΡΙΚΟ (ΣΣΑΣ) ΘΕΣ/ΝΙΚΗΣ","ΣΣΑΣ",4,"18,735"
841,"ΚΤΗΝΙΑΤΡΙΚΟ (ΣΣΑΣ) ΘΕΣ/ΝΙΚΗΣ","ΣΣΑΣ",2,"18,551"
846,"ΦΑΡΜΑΚΕΥΤΙΚΟ (ΣΣΑΣ) ΘΕΣ/ΝΙΚΗΣ","ΣΣΑΣ",2,"18,632"
846,"ΦΑΡΜΑΚΕΥΤΙΚΟ (ΣΣΑΣ) ΘΕΣ/ΝΙΚΗΣ","ΣΣΑΣ",1,"10,002"
637,"ΑΙΣΘΗΤΙΚΗΣ & ΚΟΣΜΗΤΟΛΟΓΙΑΣ (ΑΘΗΝΑ)","ΤΕΙ ΑΘΗΝΑΣ",74,"12,994"
639,"ΑΙΣΘΗΤΙΚΗΣ & ΚΟΣΜΗΤΟΛΟΓΙΑΣ (ΘΕΣΣΑΛΟΝΙΚΗ)","ΤΕΙ ΘΕΣ/ΚΗΣ",91,"12,503"
633,"ΔΗΜΟΣΙΑΣ ΥΓΕΙΑΣ ΚΑΙ ΚΟΙΝΟΤΙΚΗΣ ΥΓΕΙΑΣ (ΑΘΗΝΑ) - ΔΗΜΟΣΙΑΣ ΥΓΕΙΑΣ","ΤΕΙ ΑΘΗΝΑΣ",72,"12,267"
719,"ΔΙΑΤΡΟΦΗΣ & ΔΙΑΙΤΟΛΟΓΙΑΣ (ΘΕΣΣΑΛΟΝΙΚΗ)","ΤΕΙ ΘΕΣ/ΚΗΣ",76,"14,392"
628,"ΔΙΑΤΡΟΦΗΣ & ΔΙΑΙΤΟΛΟΓΙΑΣ (ΣΗΤΕΙΑ)","ΤΕΙ ΚΡΗΤΗΣ",83,"11,771"
747,"ΔΙΑΤΡΟΦΗΣ & ΔΙΑΙΤΟΛΟΓΙΑΣ (ΚΑΡΔΙΤΣΑ)","ΤΕΙ ΘΕΣΣΑΛΙΑΣ",76,"12,435"
619,"ΕΡΓΟΘΕΡΑΠΕΙΑΣ (ΑΘΗΝΑ)","ΤΕΙ ΑΘΗΝΑΣ",72,"15,553"
621,"ΙΑΤΡΙΚΩΝ ΕΡΓΑΣΤΗΡΙΩΝ (ΑΘΗΝΑ)","ΤΕΙ ΑΘΗΝΑΣ",72,"14,228"
623,"ΙΑΤΡΙΚΩΝ ΕΡΓΑΣΤΗΡΙΩΝ (ΘΕΣΣΑΛΟΝΙΚΗ)","ΤΕΙ ΘΕΣ/ΚΗΣ",76,"13,800"
625,"ΙΑΤΡΙΚΩΝ ΕΡΓΑΣΤΗΡΙΩΝ (ΛΑΡΙΣΑ)","ΤΕΙ ΘΕΣΣΑΛΙΑΣ",76,"12,799"
629,"ΟΔΟΝΤΙΚΗΣ ΤΕΧΝΟΛΟΓΙΑΣ (ΑΘΗΝΑ)","ΤΕΙ ΑΘΗΝΑΣ",72,"13,454"
635,"ΟΠΤΙΚΗΣ ΚΑΙ ΟΠΤΟΜΕΤΡΙΑΣ (ΑΘΗΝΑ)","ΤΕΙ ΑΘΗΝΑΣ",75,"12,769"
627,"ΡΑΔΙΟΛΟΓΙΑΣ ΚΑΙ ΑΚΤΙΝΟΛΟΓΙΑΣ (ΑΘΗΝΑ)","ΤΕΙ ΑΘΗΝΑΣ",72,"13,368"
617,"ΦΥΣΙΚΟΘΕΡΑΠΕΙΑΣ (ΘΕΣΣΑΛΟΝΙΚΗ)","ΤΕΙ ΘΕΣ/ΚΗΣ",76,"15,669"
615,"ΦΥΣΙΚΟΘΕΡΑΠΕΙΑΣ (ΑΘΗΝΑ)","ΤΕΙ ΑΘΗΝΑΣ",72,"15,999"
659,"ΦΥΣΙΚΟΘΕΡΑΠΕΙΑΣ (ΛΑΜΙΑ)","ΤΕΙ  ΣΤΕΡ ΕΛΛΑΔΑΣ",76,"14,778"
616,"ΦΥΣΙΚΟΘΕΡΑΠΕΙΑΣ (ΑΙΓΙΟ)","ΤΕΙ ΔΥΤ ΕΛΛΑΔΑΣ",83,"14,360"
667,"ΔΗΜΟΣΙΑΣ ΥΓΕΙΑΣ ΚΑΙ ΚΟΙΝΟΤΙΚΗΣ ΥΓΕΙΑΣ (ΑΘΗΝΑ) - ΚΟΙΝΟΤΙΚΗΣ ΥΓΕΙΑΣ","ΤΕΙ ΑΘΗΝΑΣ",86,"11,928"
620,"ΛΟΓΟΘΕΡΑΠΕΙΑΣ (ΙΩΑΝΝΙΝΑ)","ΤΕΙ ΗΠΕΙΡΟΥ",83,"14,357"
618,"ΛΟΓΟΘΕΡΑΠΕΙΑΣ (ΠΑΤΡΑ)","ΤΕΙ ΔΥΤ ΕΛΛΑΔΑΣ",69,"14,641"
655,"ΜΑΙΕΥΤΙΚΗΣ (ΑΘΗΝΑ)","ΤΕΙ ΑΘΗΝΑΣ",72,"14,117"
657,"ΜΑΙΕΥΤΙΚΗΣ (ΘΕΣΣΑΛΟΝΙΚΗ)","ΤΕΙ ΘΕΣ/ΚΗΣ",76,"13,594"
662,"ΜΑΙΕΥΤΙΚΗΣ (ΠΤΟΛΕΜΑΪΔΑ)","ΤΕΙ ΔΥΤ ΜΑΚ/ΝΙΑΣ",104,"11,922"
653,"ΝΟΣΗΛΕΥΤΙΚΗΣ (ΗΡΑΚΛΕΙΟ)","ΤΕΙ ΚΡΗΤΗΣ",97,"11,480"
645,"ΝΟΣΗΛΕΥΤΙΚΗΣ (ΑΘΗΝΑ)","ΤΕΙ ΑΘΗΝΑΣ",124,"13,335"
654,"ΝΟΣΗΛΕΥΤΙΚΗΣ (ΙΩΑΝΝΙΝΑ)","ΤΕΙ ΗΠΕΙΡΟΥ",131,"11,624"
647,"ΝΟΣΗΛΕΥΤΙΚΗΣ (ΘΕΣΣΑΛΟΝΙΚΗ)","ΤΕΙ ΘΕΣ/ΚΗΣ",76,"13,174"
652,"ΝΟΣΗΛΕΥΤΙΚΗΣ (ΛΑΜΙΑ)","ΤΕΙ  ΣΤΕΡ ΕΛΛΑΔΑΣ",123,"11,530"
651,"ΝΟΣΗΛΕΥΤΙΚΗΣ (ΛΑΡΙΣΑ)","ΤΕΙ ΘΕΣΣΑΛΙΑΣ",103,"11,694"
649,"ΝΟΣΗΛΕΥΤΙΚΗΣ (ΠΑΤΡΑ)","ΤΕΙ ΔΥΤ ΕΛΛΑΔΑΣ",118,"12,274"
744,"ΝΟΣΗΛΕΥΤΙΚΗΣ (ΔΙΔΥΜΟΤΕΙΧΟ)","ΤΕΙ ΑΝΑΤ ΜΑΚ/ΝΙΑΣ & ΘΡΑΚΗΣ",158,"11,099"
231,"ΑΡΧΙΤΕΚΤΟΝΩΝ ΜΗΧΑΝΙΚΩΝ (ΑΘΗΝΑ)","ΕΜΠ",99,"19,838"
233,"ΑΡΧΙΤΕΚΤΟΝΩΝ ΜΗΧΑΝΙΚΩΝ (ΘΕΣΣΑΛΟΝΙΚΗ)","ΑΠΘ",108,"18,578"
232,"ΑΡΧΙΤΕΚΤΟΝΩΝ ΜΗΧΑΝΙΚΩΝ (ΠΑΤΡΑ)","ΠΑΝ ΠΑΤΡΩΝ",103,"17,324"
779,"ΑΡΧΙΤΕΚΤΟΝΩΝ ΜΗΧΑΝΙΚΩΝ (ΙΩΑΝΝΙΝΑ)","ΠΑΝ ΙΩΑΝΝΙΝΩΝ",36,"15,454"
236,"ΑΡΧΙΤΕΚΤΟΝΩΝ ΜΗΧΑΝΙΚΩΝ (ΒΟΛΟΣ)","ΠΑΝ ΘΕΣΣΑΛΙΑΣ",108,"16,742"
234,"ΑΡΧΙΤΕΚΤΟΝΩΝ ΜΗΧΑΝΙΚΩΝ (ΞΑΝΘΗ) ","ΔΗΜ ΠΑΝ ΘΡΑΚΗΣ",112,"14,797"
370,"ΑΡΧΙΤΕΚΤΟΝΩΝ ΜΗΧΑΝΙΚΩΝ (ΧΑΝΙΑ)","ΠΟΛ/ΧΝΕΙΟ ΚΡΗΤΗΣ",106,"15,414"
205,"ΠΟΛΙΤΙΚΩΝ ΜΗΧΑΝΙΚΩΝ (ΠΑΤΡΑ)","ΠΑΝ ΠΑΤΡΩΝ",189,"15,006"
207,"ΠΟΛΙΤΙΚΩΝ ΜΗΧΑΝΙΚΩΝ (ΞΑΝΘΗ)","ΔΗΜ ΠΑΝ ΘΡΑΚΗΣ",189,"14,170"
201,"ΠΟΛΙΤΙΚΩΝ ΜΗΧΑΝΙΚΩΝ (ΑΘΗΝΑ) ","ΕΜΠ",126,"16,785"
203,"ΠΟΛΙΤΙΚΩΝ ΜΗΧΑΝΙΚΩΝ (ΘΕΣΣΑΛΟΝΙΚΗ) ","ΑΠΘ",153,"15,977"
208,"ΠΟΛΙΤΙΚΩΝ ΜΗΧΑΝΙΚΩΝ (ΒΟΛΟΣ)","ΠΑΝ ΘΕΣΣΑΛΙΑΣ",117,"14,698"
227,"ΑΓΡΟΝΟΜΩΝ & ΤΟΠΟΓΡΑΦΩΝ ΜΗΧΑΝΙΚΩΝ (ΘΕΣΣΑΛΟΝΙΚΗ)","ΑΠΘ",99,"13,993"
225,"ΑΓΡΟΝΟΜΩΝ & ΤΟΠΟΓΡΑΦΩΝ ΜΗΧΑΝΙΚΩΝ (ΑΘΗΝΑ)","ΕΜΠ",108,"14,533"
209,"ΜΗΧΑΝΟΛΟΓΩΝ ΜΗΧΑΝΙΚΩΝ (ΑΘΗΝΑ)","ΕΜΠ",108,"18,309"
211,"ΜΗΧΑΝΟΛΟΓΩΝ ΜΗΧΑΝΙΚΩΝ (ΘΕΣΣΑΛΟΝΙΚΗ)","ΑΠΘ",99,"17,529"
219,"ΗΛΕΚΤΡΟΛΟΓΩΝ ΜΗΧΑΝΙΚΩΝ & ΜΗΧΑΝΙΚΩΝ ΥΠΟΛΟΓΙΣΤΩΝ (ΘΕΣΣΑΛΟΝΙΚΗ)","ΑΠΘ",180,"17,833"
217,"ΗΛΕΚΤΡΟΛΟΓΩΝ ΜΗΧΑΝΙΚΩΝ & ΜΗΧΑΝΙΚΩΝ ΥΠΟΛΟΓΙΣΤΩΝ (ΑΘΗΝΑ)","ΕΜΠ",207,"18,540"
223,"ΗΛΕΚΤΡΟΛΟΓΩΝ ΜΗΧΑΝΙΚΩΝ & ΜΗΧΑΝΙΚΩΝ ΥΠΟΛΟΓΙΣΤΩΝ (ΞΑΝΘΗ)","ΔΗΜ ΠΑΝ ΘΡΑΚΗΣ",207,"16,084"
221,"ΗΛΕΚΤΡΟΛΟΓΩΝ ΜΗΧΑΝΙΚΩΝ & ΤΕΧΝΟΛΟΓΙΑΣ ΥΠΟΛΟΓΙΣΤΩΝ (ΠΑΤΡΑ)","ΠΑΝ ΠΑΤΡΩΝ",252,"16,939"
239,"ΧΗΜΙΚΩΝ ΜΗΧΑΝΙΚΩΝ (ΠΑΤΡΑ)","ΠΑΝ ΠΑΤΡΩΝ",126,"16,438"
235,"ΧΗΜΙΚΩΝ ΜΗΧΑΝΙΚΩΝ (ΑΘΗΝΑ)","ΕΜΠ",126,"17,456"
237,"ΧΗΜΙΚΩΝ ΜΗΧΑΝΙΚΩΝ (ΘΕΣΣΑΛΟΝΙΚΗ)","ΑΠΘ",99,"16,876"
214,"ΜΗΧΑΝΙΚΩΝ ΠΕΡΙΒΑΛΛΟΝΤΟΣ (ΧΑΝΙΑ)","ΠΟΛ/ΧΝΕΙΟ ΚΡΗΤΗΣ",117,"12,072"
778,"ΜΗΧΑΝΙΚΩΝ ΠΕΡΙΒΑΛΛΟΝΤΟΣ (ΚΟΖΑΝΗ)","ΠΑΝ ΔΥΤ ΜΑΚ/ΝΙΑΣ",54,"10,911"
476,"ΜΗΧΑΝΙΚΩΝ ΠΕΡΙΒΑΛΛΟΝΤΟΣ (ΞΑΝΘΗ) ","ΔΗΜ ΠΑΝ ΘΡΑΚΗΣ",108,"11,401"
238,"ΜΗΧΑΝΙΚΩΝ ΣΧΕΔΙΑΣΗΣ ΠΡΟΪΟΝΤΩΝ ΚΑΙ ΣΥΣΤΗΜΑΤΩΝ (ΣΥΡΟΣ)","ΠΑΝ ΑΙΓΑΙΟΥ",115,"10,107"
213,"ΜΗΧΑΝΟΛΟΓΩΝ & ΑΕΡΟΝΑΥΠΗΓΩΝ ΜΗΧΑΝΙΚΩΝ (ΠΑΤΡΑ)","ΠΑΝ ΠΑΤΡΩΝ",144,"16,967"
363,"ΜΗΧΑΝΙΚΩΝ ΧΩΡΟΤΑΞΙΑΣ & ΑΝΑΠΤΥΞΗΣ (ΘΕΣΣΑΛΟΝΙΚΗ)","ΑΠΘ",94,"12,954"
228,"ΜΗΧΑΝΙΚΩΝ ΧΩΡΟΤΑΞΙΑΣ, ΠΟΛΕΟΔΟΜΙΑΣ ΚΑΙ ΠΕΡΙΦΕΡΕΙΑΚΗΣ ΑΝΑΠΤΥΞΗΣ (ΒΟΛΟΣ)","ΠΑΝ ΘΕΣΣΑΛΙΑΣ",108,"11,568"
332,"ΜΗΧΑΝΟΛΟΓΩΝ ΜΗΧΑΝΙΚΩΝ (ΒΟΛΟΣ)","ΠΑΝ ΘΕΣΣΑΛΙΑΣ",117,"16,426"
220,"ΗΛΕΚΤΡΟΛΟΓΩΝ ΜΗΧΑΝΙΚΩΝ ΚΑΙ ΜΗΧΑΝΙΚΩΝ ΥΠΟΛΟΓΙΣΤΩΝ (ΒΟΛΟΣ)","ΠΑΝ ΘΕΣΣΑΛΙΑΣ",162,"16,301"
229,"ΝΑΥΠΗΓΩΝ ΜΗΧΑΝΟΛΟΓΩΝ ΜΗΧΑΝΙΚΩΝ (ΑΘΗΝΑ)","ΕΜΠ",81,"18,080"
241,"ΜΗΧΑΝΙΚΩΝ ΜΕΤΑΛΛΕΙΩΝ ΜΕΤΑΛΛΟΥΡΓΩΝ (ΑΘΗΝΑ)","ΕΜΠ",99,"14,569"
230,"ΜΗΧΑΝΙΚΩΝ ΠΑΡΑΓΩΓΗΣ & ΔΙΟΙΚΗΣΗΣ (ΧΑΝΙΑ)","ΠΟΛ/ΧΝΕΙΟ ΚΡΗΤΗΣ",157,"13,596"
224,"ΜΗΧΑΝΙΚΩΝ ΠΑΡΑΓΩΓΗΣ & ΔΙΟΙΚΗΣΗΣ (ΞΑΝΘΗ)","ΔΗΜ ΠΑΝ ΘΡΑΚΗΣ",135,"13,070"
222,"ΜΗΧΑΝΙΚΩΝ ΟΙΚΟΝΟΜΙΑΣ ΚΑΙ ΔΙΟΙΚΗΣΗΣ (ΧΙΟΣ)","ΠΑΝ ΑΙΓΑΙΟΥ",112,"9,864"
215,"ΜΗΧΑΝΙΚΩΝ ΗΛΕΚΤΡΟΝΙΚΩΝ ΥΠΟΛΟΓΙΣΤΩΝ ΚΑΙ ΠΛΗΡΟΦΟΡΙΚΗΣ (ΠΑΤΡΑ)","ΠΑΝ ΠΑΤΡΩΝ",162,"15,415"
242,"ΜΗΧΑΝΙΚΩΝ ΟΡΥΚΤΩΝ ΠΟΡΩΝ (ΧΑΝΙΑ)","ΠΟΛ/ΧΝΕΙΟ ΚΡΗΤΗΣ",109,"11,010"
331,"ΗΛΕΚΤΡΟΝΙΚΩΝ ΜΗΧΑΝΙΚΩΝ ΚΑΙ ΜΗΧΑΝΙΚΩΝ ΥΠΟΛΟΓΙΣΤΩΝ (ΧΑΝΙΑ)","ΠΟΛ/ΧΝΕΙΟ ΚΡΗΤΗΣ",162,"15,040"
210,"ΜΗΧΑΝΟΛΟΓΩΝ ΜΗΧΑΝΙΚΩΝ (ΚΟΖΑΝΗ)","ΠΑΝ ΔΥΤ ΜΑΚ/ΝΙΑΣ",135,"15,382"
212,"ΔΑΣΟΛΟΓΙΑΣ & ΔΙΑΧΕΙΡΙΣΗΣ ΠΕΡΙΒΑΛΛΟΝΤΟΣ & ΦΥΣΙΚΩΝ ΠΟΡΩΝ (ΟΡΕΣΤΙΑΔΑ)","ΔΗΜ ΠΑΝ ΘΡΑΚΗΣ",135,"8,360"
336,"ΒΙΟΜΗΧΑΝΙΚΗΣ ΔΙΟΙΚΗΣΗΣ & ΤΕΧΝΟΛΟΓΙΑΣ (ΠΕΙΡΑΙΑΣ)","ΠΑΝ ΠΕΙΡΑΙΩΣ",121,"14,304"
185,"ΠΛΑΣΤΙΚΩΝ ΤΕΧΝΩΝ & ΕΠΙΣΤΗΜΩΝ ΤΗΣ ΤΕΧΝΗΣ (ΙΩΑΝΝΙΝΑ)","ΠΑΝ ΙΩΑΝΝΙΝΩΝ",103,"7,842"
326,"ΑΓΡΟΤΙΚΗΣ ΟΙΚΟΝΟΜΙΑΣ & ΑΝΑΠΤΥΞΗΣ (ΑΘΗΝΑ)","ΓΕΩΠ ΠΑΝ ΑΘ",99,"13,373"
353,"ΑΓΡΟΤΙΚΗΣ ΑΝΑΠΤΥΞΗΣ (ΟΡΕΣΤΙΑΔΑ) ","ΔΗΜ ΠΑΝ ΘΡΑΚΗΣ",189,"10,426"
271,"ΔΙΑΧΕΙΡΙΣΗΣ ΠΕΡΙΒΑΛΛΟΝΤΟΣ & ΦΥΣΙΚΩΝ ΠΟΡΩΝ (ΑΓΡΙΝΙΟ)","ΠΑΝ ΠΑΤΡΩΝ",145,"9,077"
240,"ΔΙΟΙΚΗΤΙΚΗΣ ΕΠΙΣΤΗΜΗΣ & ΤΕΧΝΟΛΟΓΙΑΣ (ΑΘΗΝΑ)","ΟΠΑ",135,"17,213"
419,"ΠΡΟΓΡΑΜΜΑ ΔΙΑΧΕΙΡΙΣΗΣ ΕΚΚΛΗΣΙΑΣΤΙΚΩΝ ΚΕΙΜΗΛΙΩΝ ΑΘΗΝΑΣ","ΑΕΑ ΑΘΗΝΑΣ",45,"8,180"
419,"ΠΡΟΓΡΑΜΜΑ ΔΙΑΧΕΙΡΙΣΗΣ ΕΚΚΛΗΣΙΑΣΤΙΚΩΝ ΚΕΙΜΗΛΙΩΝ ΑΘΗΝΑΣ","ΑΕΑ ΑΘΗΝΑΣ",4,"5,138"
420,"ΠΡΟΓΡΑΜΜΑ ΔΙΑΧΕΙΡΙΣΗΣ ΕΚΚΛΗΣΙΑΣΤΙΚΩΝ ΚΕΙΜΗΛΙΩΝ ΘΕΣ/ΝΙΚΗΣ","ΑΕΑ ΘΕΣ/ΝΙΚΗΣ",54,"8,474"
420,"ΠΡΟΓΡΑΜΜΑ ΔΙΑΧΕΙΡΙΣΗΣ ΕΚΚΛΗΣΙΑΣΤΙΚΩΝ ΚΕΙΜΗΛΙΩΝ ΘΕΣ/ΝΙΚΗΣ","ΑΕΑ ΘΕΣ/ΝΙΚΗΣ",5,"5,252"
861,"ΤΕΧΝΙΚΩΝ ΥΠΑΞΙΩΜΑΤΙΚΩΝ ΑΕΡΟΠΟΡΙΑΣ (Σ.Τ.Υ.Α.)","ΣΤΥΑ",83,"16,477"
861,"ΤΕΧΝΙΚΩΝ ΥΠΑΞΙΩΜΑΤΙΚΩΝ ΑΕΡΟΠΟΡΙΑΣ (Σ.Τ.Υ.Α.)","ΣΤΥΑ",39,"15,739"
521,"ΓΡΑΦΙΣΤΙΚΗΣ (ΑΘΗΝΑ) - ΓΡΑΦΙΣΤΙΚΗΣ","ΤΕΙ ΑΘΗΝΑΣ",64,"13,778"
517,"ΓΡΑΦΙΣΤΙΚΗΣ (ΑΘΗΝΑ) - ΤΕΧΝΟΛΟΓΙΑΣ ΓΡΑΦΙΚΩΝ ΤΕΧΝΩΝ","ΤΕΙ ΑΘΗΝΑΣ",85,"8,914"
519,"ΕΣΩΤΕΡΙΚΗΣ ΑΡΧΙΤΕΚΤΟΝΙΚΗΣ, ΔΙΑΚΟΣΜΗΣΗΣ ΚΑΙ ΣΧΕΔΙΑΣΜΟΥ ΑΝΤΙΚΕΙΜΕΝΩΝ (ΑΘΗΝΑ)","ΤΕΙ ΑΘΗΝΑΣ",71,"12,947"
520,"ΣΥΝΤΗΡΗΣΗΣ ΑΡΧΑΙΟΤΗΤΩΝ ΚΑΙ ΕΡΓΩΝ ΤΕΧΝΗΣ (ΑΘΗΝΑ)","ΤΕΙ ΑΘΗΝΑΣ",57,"9,332"
447,"ΠΟΛΙΤΙΚΩΝ ΜΗΧΑΝΙΚΩΝ Τ.Ε. (ΘΕΣΣΑΛΟΝΙΚΗ)","ΤΕΙ ΘΕΣ/ΚΗΣ",84,"10,588"
451,"ΠΟΛΙΤΙΚΩΝ ΜΗΧΑΝΙΚΩΝ Τ.Ε. (ΛΑΡΙΣΑ)","ΤΕΙ ΘΕΣΣΑΛΙΑΣ",111,"8,697"
768,"ΠΟΛΙΤΙΚΩΝ ΜΗΧΑΝΙΚΩΝ Τ.Ε. (ΠΑΤΡΑ) ","ΤΕΙ ΔΥΤ ΕΛΛΑΔΑΣ",77,"9,516"
443,"ΠΟΛΙΤΙΚΩΝ ΜΗΧΑΝΙΚΩΝ Τ.Ε. ΚΑΙ ΜΗΧΑΝΙΚΩΝ ΤΟΠΟΓΡΑΦΙΑΣ & ΓΕΩΠΛΗΡΟΦΟΡΙΚΗΣ Τ.Ε. (ΑΘΗΝΑ) - ΠΟΛΙΤΙΚΩΝ ΜΗΧΑΝΙΚΩΝ Τ.Ε. ","ΤΕΙ ΑΘΗΝΑΣ",73,"10,574"
509,"ΠΟΛΙΤΙΚΩΝ ΜΗΧΑΝΙΚΩΝ Τ.Ε. ΚΑΙ ΜΗΧΑΝΙΚΩΝ ΤΟΠΟΓΡΑΦΙΑΣ & ΓΕΩΠΛΗΡΟΦΟΡΙΚΗΣ Τ.Ε. (ΑΘΗΝΑ) - ΜΗΧΑΝΙΚΩΝ ΤΟΠΟΓΡΑΦΙΑΣ & ΓΕΩΠΛΗΡΟΦΟΡΙΚΗΣ Τ.Ε.","ΤΕΙ ΑΘΗΝΑΣ",63,"10,378"
445,"ΠΟΛΙΤΙΚΩΝ ΜΗΧΑΝΙΚΩΝ Τ.Ε. (ΠΕΙΡΑΙΑΣ)","ΤΕΙ ΠΕΙΡΑΙΑ",70,"10,896"
769,"ΠΟΛΙΤΙΚΩΝ ΜΗΧΑΝΙΚΩΝ Τ.Ε. (ΤΡΙΚΑΛΑ)","ΤΕΙ ΘΕΣΣΑΛΙΑΣ",77,"8,194"
455,"ΠΟΛΙΤΙΚΩΝ ΜΗΧΑΝΙΚΩΝ Τ.Ε. ΚΑΙ ΜΗΧΑΝΙΚΩΝ ΤΟΠΟΓΡΑΦΙΑΣ & ΓΕΩΠΛΗΡΟΦΟΡΙΚΗΣ Τ.Ε. (ΣΕΡΡΕΣ) - ΠΟΛΙΤΙΚΩΝ ΜΗΧΑΝΙΚΩΝ Τ.Ε.","ΤΕΙ ΚΕΝΤΡ ΜΑΚ/ΝΙΑΣ",70,"8,896"
510,"ΠΟΛΙΤΙΚΩΝ ΜΗΧΑΝΙΚΩΝ Τ.Ε. ΚΑΙ ΜΗΧΑΝΙΚΩΝ ΤΟΠΟΓΡΑΦΙΑΣ & ΓΕΩΠΛΗΡΟΦΟΡΙΚΗΣ Τ.Ε. (ΣΕΡΡΕΣ) - ΜΗΧΑΝΙΚΩΝ ΤΟΠΟΓΡΑΦΙΑΣ & ΓΕΩΠΛΗΡΟΦΟΡΙΚΗΣ Τ.Ε.","ΤΕΙ ΚΕΝΤΡ ΜΑΚ/ΝΙΑΣ",69,"8,116"
495,"ΗΛΕΚΤΡΟΛΟΓΩΝ ΜΗΧΑΝΙΚΩΝ Τ.Ε. (ΚΟΖΑΝΗ)","ΤΕΙ ΔΥΤ ΜΑΚ/ΝΙΑΣ",131,"7,711"
493,"ΗΛΕΚΤΡΟΛΟΓΩΝ ΜΗΧΑΝΙΚΩΝ Τ.Ε. (ΚΑΒΑΛΑ)","ΤΕΙ ΑΝΑΤ ΜΑΚ/ΝΙΑΣ & ΘΡΑΚΗΣ",154,"7,565"
491,"ΗΛΕΚΤΡΟΛΟΓΩΝ ΜΗΧΑΝΙΚΩΝ Τ.Ε. (ΗΡΑΚΛΕΙΟ)","ΤΕΙ ΚΡΗΤΗΣ",97,"8,091"
489,"ΗΛΕΚΤΡΟΛΟΓΩΝ ΜΗΧΑΝΙΚΩΝ Τ.Ε. (ΛΑΡΙΣΑ)","ΤΕΙ ΘΕΣΣΑΛΙΑΣ",93,"8,582"
487,"ΗΛΕΚΤΡΟΛΟΓΩΝ ΜΗΧΑΝΙΚΩΝ Τ.Ε. (ΠΑΤΡΑ)","ΤΕΙ ΔΥΤ ΕΛΛΑΔΑΣ",97,"9,295"
483,"ΗΛΕΚΤΡΟΛΟΓΩΝ ΜΗΧΑΝΙΚΩΝ Τ.Ε. (ΠΕΙΡΑΙΑΣ)","ΤΕΙ ΠΕΙΡΑΙΑ",69,"11,368"
499,"ΗΛΕΚΤΡΟΛΟΓΩΝ ΜΗΧΑΝΙΚΩΝ Τ.Ε. (ΧΑΛΚΙΔΑ)","ΤΕΙ  ΣΤΕΡ ΕΛΛΑΔΑΣ",124,"8,999"
473,"ΜΗΧΑΝΟΛΟΓΩΝ ΜΗΧΑΝΙΚΩΝ ΚΑΙ ΒΙΟΜΗΧΑΝΙΚΟΥ ΣΧΕΔΙΑΣΜΟΥ Τ.Ε. (ΚΟΖΑΝΗ) - ΜΗΧΑΝΟΛΟΓΩΝ ΜΗΧΑΝΙΚΩΝ Τ.Ε.","ΤΕΙ ΔΥΤ ΜΑΚ/ΝΙΑΣ",117,"7,797"
471,"ΜΗΧΑΝΙΚΩΝ ΤΕΧΝΟΛΟΓΙΑΣ ΠΕΤΡΕΛΑΙΟΥ & ΦΥΣΙΚΟΥ ΑΕΡΙΟΥ Τ.Ε. ΚΑΙ ΜΗΧΑΝΟΛΟΓΩΝ ΜΗΧΑΝΙΚΩΝ Τ.Ε. (ΚΑΒΑΛΑ) - ΜΗΧΑΝΟΛΟΓΩΝ ΜΗΧΑΝΙΚΩΝ Τ.Ε.","ΤΕΙ ΑΝΑΤ ΜΑΚ/ΝΙΑΣ & ΘΡΑΚΗΣ",117,"7,786"
467,"ΜΗΧΑΝΟΛΟΓΩΝ ΜΗΧΑΝΙΚΩΝ Τ.Ε. (ΛΑΡΙΣΑ)","ΤΕΙ ΘΕΣΣΑΛΙΑΣ",93,"9,230"
465,"ΜΗΧΑΝΟΛΟΓΩΝ ΜΗΧΑΝΙΚΩΝ Τ.Ε. (ΠΑΤΡΑ)","ΤΕΙ ΔΥΤ ΕΛΛΑΔΑΣ",93,"10,047"
461,"ΜΗΧΑΝΟΛΟΓΩΝ ΜΗΧΑΝΙΚΩΝ Τ.Ε. (ΠΕΙΡΑΙΑΣ)","ΤΕΙ ΠΕΙΡΑΙΑ",69,"12,384"
475,"ΜΗΧΑΝΟΛΟΓΩΝ ΜΗΧΑΝΙΚΩΝ Τ.Ε. (ΣΕΡΡΕΣ) ","ΤΕΙ ΚΕΝΤΡ ΜΑΚ/ΝΙΑΣ",90,"9,078"
479,"ΜΗΧΑΝΟΛΟΓΩΝ ΜΗΧΑΝΙΚΩΝ Τ.Ε. (ΧΑΛΚΙΔΑ)","ΤΕΙ  ΣΤΕΡ ΕΛΛΑΔΑΣ",117,"9,401"
501,"ΗΛΕΚΤΡΟΝΙΚΩΝ ΜΗΧΑΝΙΚΩΝ Τ.Ε. (ΑΘΗΝΑ)","ΤΕΙ ΑΘΗΝΑΣ",63,"11,176"
505,"ΗΛΕΚΤΡΟΝΙΚΩΝ ΜΗΧΑΝΙΚΩΝ Τ.Ε. (ΘΕΣΣΑΛΟΝΙΚΗ)","ΤΕΙ ΘΕΣ/ΚΗΣ",110,"10,547"
709,"ΗΛΕΚΤΡΟΝΙΚΩΝ ΜΗΧΑΝΙΚΩΝ Τ.Ε. (ΧΑΝΙΑ)","ΤΕΙ ΚΡΗΤΗΣ",98,"8,030"
705,"ΗΛΕΚΤΡΟΝΙΚΩΝ ΜΗΧΑΝΙΚΩΝ Τ.Ε. (ΛΑΜΙΑ)","ΤΕΙ  ΣΤΕΡ ΕΛΛΑΔΑΣ",90,"8,450"
503,"ΗΛΕΚΤΡΟΝΙΚΩΝ ΜΗΧΑΝΙΚΩΝ Τ.Ε. (ΠΕΙΡΑΙΑΣ)","ΤΕΙ ΠΕΙΡΑΙΑ",70,"10,793"
511,"ΝΑΥΠΗΓΩΝ ΜΗΧΑΝΙΚΩΝ Τ.Ε. (ΑΘΗΝΑ)","ΤΕΙ ΑΘΗΝΑΣ",62,"11,913"
737,"ΜΗΧΑΝΙΚΩΝ ΤΕΧΝΟΛΟΓΙΑΣ ΑΕΡΟΣΚΑΦΩΝ Τ.Ε. (ΧΑΛΚΙΔΑ)","ΤΕΙ  ΣΤΕΡ ΕΛΛΑΔΑΣ",90,"9,282"
720,"ΜΗΧΑΝΙΚΩΝ ΑΥΤΟΜΑΤΙΣΜΟΥ Τ.Ε. (ΘΕΣΣΑΛΟΝΙΚΗ)","ΤΕΙ ΘΕΣ/ΚΗΣ",76,"11,460"
714,"ΜΗΧΑΝΙΚΩΝ ΑΥΤΟΜΑΤΙΣΜΟΥ Τ.Ε. (ΠΕΙΡΑΙΑΣ)","ΤΕΙ ΠΕΙΡΑΙΑ",69,"11,717"
722,"ΜΗΧΑΝΙΚΩΝ ΑΥΤΟΜΑΤΙΣΜΟΥ Τ.Ε. (ΧΑΛΚΙΔΑ) ","ΤΕΙ  ΣΤΕΡ ΕΛΛΑΔΑΣ",152,"9,312"
713,"ΜΗΧΑΝΙΚΩΝ ΗΛΕΚΤΡΟΝΙΚΩΝ ΥΠΟΛΟΓΙΣΤΙΚΩΝ ΣΥΣΤΗΜΑΤΩΝ Τ.Ε. (ΠΕΙΡΑΙΑΣ)","ΤΕΙ ΠΕΙΡΑΙΑ",83,"12,059"
711,"ΜΗΧΑΝΙΚΩΝ ΠΛΗΡΟΦΟΡΙΚΗΣ Τ.Ε. (ΑΘΗΝΑ)","ΤΕΙ ΑΘΗΝΑΣ",76,"13,187"
712,"ΜΗΧΑΝΙΚΩΝ ΠΛΗΡΟΦΟΡΙΚΗΣ Τ.Ε. (ΘΕΣΣΑΛΟΝΙΚΗ)","ΤΕΙ ΘΕΣ/ΚΗΣ",103,"12,351"
697,"ΤΕΧΝΟΛΟΓΙΑΣ ΗΧΟΥ & ΜΟΥΣΙΚΩΝ ΟΡΓΑΝΩΝ (ΛΗΞΟΥΡΙ)","ΤΕΙ ΙΟΝΙΩΝ ΝΗΣ",122,"6,799"
727,"ΜΗΧΑΝΙΚΩΝ ΠΛΗΡΟΦΟΡΙΚΗΣ Τ.Ε. (ΣΕΡΡΕΣ)","ΤΕΙ ΚΕΝΤΡ ΜΑΚ/ΝΙΑΣ",90,"10,064"
506,"ΜΗΧΑΝΙΚΩΝ ΠΛΗΡΟΦΟΡΙΚΗΣ Τ.Ε. (ΛΑΜΙΑ)","ΤΕΙ  ΣΤΕΡ ΕΛΛΑΔΑΣ",90,"9,474"
735,"ΜΗΧΑΝΙΚΩΝ ΠΛΗΡΟΦΟΡΙΚΗΣ Τ.Ε. (ΚΑΣΤΟΡΙΑ)","ΤΕΙ ΔΥΤ ΜΑΚ/ΝΙΑΣ",117,"8,027"
723,"ΜΗΧΑΝΙΚΩΝ ΠΛΗΡΟΦΟΡΙΚΗΣ Τ.Ε. (ΛΑΡΙΣΑ)","ΤΕΙ ΘΕΣΣΑΛΙΑΣ",152,"9,740"
529,"ΜΗΧΑΝΙΚΩΝ ΠΛΗΡΟΦΟΡΙΚΗΣ Τ.Ε. (ΣΠΑΡΤΗ) ","ΤΕΙ ΠΕΛ/ΝΗΣΟΥ",99,"8,303"
710,"ΜΗΧΑΝΙΚΩΝ ΠΛΗΡΟΦΟΡΙΚΗΣ Τ.Ε. (ΑΡΤΑ)","ΤΕΙ ΗΠΕΙΡΟΥ",138,"7,995"
736,"ΜΗΧΑΝΙΚΩΝ ΠΛΗΡΟΦΟΡΙΚΗΣ Τ.Ε. (ΝΑΥΠΑΚΤΟΣ)","ΤΕΙ ΔΥΤ ΕΛΛΑΔΑΣ",113,"8,657"
516,"ΜΗΧΑΝΟΛΟΓΩΝ ΟΧΗΜΑΤΩΝ Τ.Ε. (ΘΕΣΣΑΛΟΝΙΚΗ)","ΤΕΙ ΘΕΣ/ΚΗΣ",86,"10,154"
767,"ΜΗΧΑΝΟΛΟΓΩΝ ΜΗΧΑΝΙΚΩΝ Τ.Ε. (ΗΡΑΚΛΕΙΟ) ","ΤΕΙ ΚΡΗΤΗΣ",97,"8,902"
703,"ΣΧΕΔΙΑΣΜΟΥ & ΤΕΧΝΟΛΟΓΙΑΣ ΕΝΔΥΣΗΣ (ΚΙΛΚΙΣ)","ΤΕΙ ΚΕΝΤΡ ΜΑΚ/ΝΙΑΣ",85,"7,107"
522,"ΣΧΕΔΙΑΣΜΟΥ & ΤΕΧΝΟΛΟΓΙΑΣ ΞΥΛΟΥ ΚΑΙ ΕΠΙΠΛΟΥ Τ.Ε. (ΚΑΡΔΙΤΣΑ)","ΤΕΙ ΘΕΣΣΑΛΙΑΣ",78,"7,168"
513,"ΜΗΧΑΝΙΚΩΝ ΤΕΧΝΟΛΟΓΙΑΣ ΠΕΤΡΕΛΑΙΟΥ & ΦΥΣΙΚΟΥ ΑΕΡΙΟΥ Τ.Ε. ΚΑΙ ΜΗΧΑΝΟΛΟΓΩΝ ΜΗΧΑΝΙΚΩΝ Τ.Ε. (ΚΑΒΑΛΑ) - ΜΗΧΑΝΙΚΩΝ ΤΕΧΝΟΛΟΓΙΑΣ ΠΕΤΡΕΛΑΙΟΥ ΚΑΙ ΦΥΣΙΚΟΥ ΑΕΡΙΟΥ Τ.Ε.","ΤΕΙ ΑΝΑΤ ΜΑΚ/ΝΙΑΣ & ΘΡΑΚΗΣ",117,"7,809"
724,"ΜΗΧΑΝΙΚΩΝ ΠΛΗΡΟΦΟΡΙΚΗΣ Τ.Ε. (ΚΑΒΑΛΑ) ","ΤΕΙ ΑΝΑΤ ΜΑΚ/ΝΙΑΣ & ΘΡΑΚΗΣ",110,"9,176"
512,"ΜΗΧΑΝΙΚΩΝ ΕΝΕΡΓΕΙΑΚΗΣ ΤΕΧΝΟΛΟΓΙΑΣ Τ.Ε. (ΑΘΗΝΑ)","ΤΕΙ ΑΘΗΝΑΣ",62,"11,288"
725,"ΜΗΧΑΝΙΚΩΝ ΠΛΗΡΟΦΟΡΙΚΗΣ Τ.Ε. (ΗΡΑΚΛΕΙΟ)","ΤΕΙ ΚΡΗΤΗΣ",97,"10,092"
480,"ΜΗΧΑΝΙΚΩΝ ΒΙΟΪΑΤΡΙΚΗΣ ΤΕΧΝΟΛΟΓΙΑΣ Τ.Ε. (ΑΘΗΝΑ)","ΤΕΙ ΑΘΗΝΑΣ",73,"11,894"
717,"ΤΕΧΝΟΛΟΓΙΑΣ ΤΡΟΦΙΜΩΝ (ΘΕΣΣΑΛΟΝΙΚΗ)","ΤΕΙ ΘΕΣ/ΚΗΣ",77,"11,551"
716,"ΤΕΧΝΟΛΟΓΙΑΣ ΤΡΟΦΙΜΩΝ (ΑΘΗΝΑ)","ΤΕΙ ΑΘΗΝΑΣ",72,"12,443"
739,"ΤΕΧΝΟΛΟΓΙΑΣ ΤΡΟΦΙΜΩΝ (ΚΑΡΔΙΤΣΑ)","ΤΕΙ ΘΕΣΣΑΛΙΑΣ",99,"9,468"
515,"ΤΕΧΝΟΛΟΓΙΑΣ ΤΡΟΦΙΜΩΝ (ΚΑΛΑΜΑΤΑ)","ΤΕΙ ΠΕΛ/ΝΗΣΟΥ",92,"9,649"
532,"ΜΗΧΑΝΙΚΩΝ ΦΥΣΙΚΩΝ ΠΟΡΩΝ & ΠΕΡΙΒΑΛΛΟΝΤΟΣ Τ.Ε. (ΧΑΝΙΑ)","ΤΕΙ ΚΡΗΤΗΣ",97,"7,648"
514,"ΜΗΧΑΝΙΚΩΝ ΠΕΡΙΒΑΛΛΟΝΤΟΣ ΚΑΙ ΜΗΧΑΝΙΚΩΝ ΑΝΤΙΡΡΥΠΑΝΣΗΣ Τ.Ε. (ΚΟΖΑΝΗ) - ΜΗΧΑΝΙΚΩΝ ΑΝΤΙΡΡΥΠΑΝΣΗΣ Τ.Ε.","ΤΕΙ ΔΥΤ ΜΑΚ/ΝΙΑΣ",86,"7,173"
721,"ΜΗΧΑΝΙΚΩΝ ΠΕΡΙΒΑΛΛΟΝΤΟΣ ΚΑΙ ΜΗΧΑΝΙΚΩΝ ΑΝΤΙΡΡΥΠΑΝΣΗΣ Τ.Ε. (ΚΟΖΑΝΗ) - ΜΗΧΑΝΙΚΩΝ ΓΕΩΤΕΧΝΟΛΟΓΙΑΣ ΠΕΡΙΒΑΛΛΟΝΤΟΣ Τ.Ε.","ΤΕΙ ΔΥΤ ΜΑΚ/ΝΙΑΣ",86,"7,064"
718,"ΟΙΝΟΛΟΓΙΑΣ & ΤΕΧΝΟΛΟΓΙΑΣ ΠΟΤΩΝ (ΑΘΗΝΑ)","ΤΕΙ ΑΘΗΝΑΣ",72,"11,282"
752,"ΟΙΝΟΛΟΓΙΑΣ & ΤΕΧΝΟΛΟΓΙΑΣ ΠΟΤΩΝ (ΔΡΑΜΑ)","ΤΕΙ ΑΝΑΤ ΜΑΚ/ΝΙΑΣ & ΘΡΑΚΗΣ",77,"8,610"
518,"ΦΩΤΟΓΡΑΦΙΑΣ & ΟΠΤΙΚΟΑΚΟΥΣΤΙΚΩΝ (ΑΘΗΝΑ)","ΤΕΙ ΑΘΗΝΑΣ",62,"10,675"
644,"ΜΗΧΑΝΙΚΩΝ ΜΟΥΣΙΚΗΣ ΤΕΧΝΟΛΟΓΙΑΣ ΚΑΙ ΑΚΟΥΣΤΙΚΗΣ Τ.Ε. (ΡΕΘΥΜΝΟ)","ΤΕΙ ΚΡΗΤΗΣ",97,"7,181"
701,"ΚΛΩΣΤΟΫΦΑΝΤΟΥΡΓΩΝ ΜΗΧΑΝΙΚΩΝ Τ.Ε. (ΠΕΙΡΑΙΑΣ)","ΤΕΙ ΠΕΙΡΑΙΑ",124,"8,396"
592,"ΜΗΧΑΝΟΛΟΓΩΝ ΜΗΧΑΝΙΚΩΝ ΚΑΙ ΒΙΟΜΗΧΑΝΙΚΟΥ ΣΧΕΔΙΑΣΜΟΥ Τ.Ε. (ΚΟΖΑΝΗ) - ΒΙΟΜΗΧΑΝΙΚΟΥ ΣΧΕΔΙΑΣΜΟΥ Τ.Ε.","ΤΕΙ ΔΥΤ ΜΑΚ/ΝΙΑΣ",117,"7,300"
497,"ΕΚΠΑΙΔΕΥΤΙΚΩΝ ΗΛΕΚΤΡΟΛΟΓΩΝ ΜΗΧΑΝΙΚΩΝ & ΕΚΠΑΙΔΕΥΤΙΚΩΝ  ΗΛΕΚΤΡΟΝΙΚΩΝ ΜΗΧΑΝΙΚΩΝ - ΕΚΠΑΙΔΕΥΤΙΚΩΝ ΗΛΕΚΤΡΟΛΟΓΩΝ ΜΗΧΑΝΙΚΩΝ","ΑΣΠΑΙΤΕ",65,"10,079"
507,"ΕΚΠΑΙΔΕΥΤΙΚΩΝ ΗΛΕΚΤΡΟΛΟΓΩΝ ΜΗΧΑΝΙΚΩΝ & ΕΚΠΑΙΔΕΥΤΙΚΩΝ ΗΛΕΚΤΡΟΝΙΚΩΝ ΜΗΧΑΝΙΚΩΝ- ΕΚΠΑΙΔΕΥΤΙΚΩΝ ΗΛΕΚΤΡΟΝΙΚΩΝ ΜΗΧΑΝΙΚΩΝ","ΑΣΠΑΙΤΕ",65,"10,018"
477,"ΕΚΠΑΙΔΕΥΤΙΚΩΝ ΜΗΧΑΝΟΛΟΓΩΝ ΜΗΧΑΝΙΚΩΝ ","ΑΣΠΑΙΤΕ",65,"10,482"
776,"ΕΚΠΑΙΔΕΥΤΙΚΩΝ ΠΟΛΙΤΙΚΩΝ ΜΗΧΑΝΙΚΩΝ","ΑΣΠΑΙΤΕ",65,"10,089"
751,"ΔΙΟΙΚΗΣΗΣ ΕΠΙΧΕΙΡΗΣΕΩΝ (ΑΓΙΟΣ ΝΙΚΟΛΑΟΣ) ","ΤΕΙ ΚΡΗΤΗΣ",127,"8,328"
734,"ΔΙΟΙΚΗΣΗΣ ΕΠΙΧΕΙΡΗΣΕΩΝ (ΓΡΕΒΕΝΑ) - ΔΙΟΙΚΗΣΗ ΕΠΙΧΕΙΡΗΣΕΩΝ","ΤΕΙ ΔΥΤ ΜΑΚ/ΝΙΑΣ",155,"7,352"
587,"ΔΙΟΙΚΗΣΗΣ ΕΠΙΧΕΙΡΗΣΕΩΝ (ΚΑΒΑΛΑ)","ΤΕΙ ΑΝΑΤ ΜΑΚ/ΝΙΑΣ & ΘΡΑΚΗΣ",222,"7,851"
764,"ΔΙΟΙΚΗΣΗΣ ΕΠΙΧΕΙΡΗΣΕΩΝ (ΛΕΥΚΑΔΑ) - ΔΙΟΙΚΗΣΗ ΕΠΙΧΕΙΡΗΣΕΩΝ","ΤΕΙ ΙΟΝΙΩΝ ΝΗΣ",117,"7,598"
765,"ΔΙΟΙΚΗΣΗΣ ΕΠΙΧΕΙΡΗΣΕΩΝ (ΜΕΣΟΛΟΓΓΙ) ","ΤΕΙ ΔΥΤ ΕΛΛΑΔΑΣ",159,"8,198"
766,"ΔΙΟΙΚΗΣΗΣ ΕΠΙΧΕΙΡΗΣΕΩΝ (ΠΑΤΡΑ)","ΤΕΙ ΔΥΤ ΕΛΛΑΔΑΣ",138,"10,814"
740,"ΔΙΟΙΚΗΣΗΣ ΣΥΣΤΗΜΑΤΩΝ ΕΦΟΔΙΑΣΜΟΥ (ΘΗΒΑ)","ΤΕΙ  ΣΤΕΡ ΕΛΛΑΔΑΣ",154,"8,598"
549,"ΔΙΟΙΚΗΣΗΣ ΣΥΣΤΗΜΑΤΩΝ ΕΦΟΔΙΑΣΜΟΥ (ΚΑΤΕΡΙΝΗ)","ΤΕΙ ΚΕΝΤΡ ΜΑΚ/ΝΙΑΣ",104,"8,056"
314,"ΜΑΡΚΕΤΙΝΓΚ ΚΑΙ ΕΠΙΚΟΙΝΩΝΙΑΣ (ΑΘΗΝΑ)","ΟΠΑ",135,"14,933"
161,"ΔΙΕΘΝΩΝ & ΕΥΡΩΠΑΪΚΩΝ ΣΠΟΥΔΩΝ (ΘΕΣΣΑΛΟΝΙΚΗ)","ΠΑΝ ΜΑΚ/ΝΙΑΣ",144,"14,240"
150,"ΔΙΕΘΝΩΝ ΚΑΙ ΕΥΡΩΠΑΪΚΩΝ ΟΙΚΟΝΟΜΙΚΩΝ ΣΠΟΥΔΩΝ (ΑΘΗΝΑ)","ΟΠΑ",126,"14,787"
155,"ΧΡΗΜΑΤΟΟΙΚΟΝΟΜΙΚΗΣ & ΤΡΑΠΕΖΙΚΗΣ ΔΙΟΙΚΗΤΙΚΗΣ (ΠΕΙΡΑΙΑΣ)","ΠΑΝ ΠΕΙΡΑΙΩΣ",144,"16,196"
337,"ΛΟΓΙΣΤΙΚΗΣ & ΧΡΗΜΑΤΟΟΙΚΟΝΟΜΙΚΗΣ (ΘΕΣΣΑΛΟΝΙΚΗ)","ΠΑΝ ΜΑΚ/ΝΙΑΣ",162,"17,007"
347,"ΛΟΓΙΣΤΙΚΗΣ & ΧΡΗΜΑΤΟΟΙΚΟΝΟΜΙΚΗΣ (ΑΘΗΝΑ)","ΟΠΑ",207,"17,257"
157,"ΝΑΥΤΙΛΙΑΚΩΝ ΣΠΟΥΔΩΝ (ΠΕΙΡΑΙΑΣ)","ΠΑΝ ΠΕΙΡΑΙΩΣ",175,"16,516"
180,"ΝΑΥΤΙΛΙΑΣ & ΕΠΙΧΕΙΡΗΜΑΤΙΚΩΝ ΥΠΗΡΕΣΙΩΝ (ΧΙΟΣ)","ΠΑΝ ΑΙΓΑΙΟΥ",144,"12,257"
315,"ΟΙΚΟΝΟΜΙΚΗΣ ΕΠΙΣΤΗΜΗΣ (ΠΕΙΡΑΙΑΣ)","ΠΑΝ ΠΕΙΡΑΙΩΣ",243,"15,251"
312,"ΟΙΚΟΝΟΜΙΚΗΣ ΕΠΙΣΤΗΜΗΣ (ΑΘΗΝΑ)","ΟΠΑ",198,"16,370"
319,"ΟΙΚΟΝΟΜΙΚΩΝ ΕΠΙΣΤΗΜΩΝ (ΠΑΤΡΑ)","ΠΑΝ ΠΑΤΡΩΝ",243,"13,654"
309,"ΟΙΚΟΝΟΜΙΚΩΝ ΕΠΙΣΤΗΜΩΝ (ΑΘΗΝΑ)","ΕΚΠΑ",301,"14,602"
311,"ΟΙΚΟΝΟΜΙΚΩΝ ΕΠΙΣΤΗΜΩΝ (ΘΕΣΣΑΛΟΝΙΚΗ)","ΑΠΘ",288,"14,609"
317,"ΟΙΚΟΝΟΜΙΚΩΝ ΕΠΙΣΤΗΜΩΝ (ΘΕΣΣΑΛΟΝΙΚΗ)","ΠΑΝ ΜΑΚ/ΝΙΑΣ",234,"15,763"
321,"ΟΙΚΟΝΟΜΙΚΩΝ ΕΠΙΣΤΗΜΩΝ (ΡΕΘΥΜΝΟ)","ΠΑΝ ΚΡΗΤΗΣ",234,"12,801"
345,"ΟΙΚΟΝΟΜΙΚΩΝ ΕΠΙΣΤΗΜΩΝ (ΙΩΑΝΝΙΝΑ)","ΠΑΝ ΙΩΑΝΝΙΝΩΝ",207,"13,402"
97,"ΟΙΚΟΝΟΜΙΚΩΝ ΕΠΙΣΤΗΜΩΝ (ΚΟΜΟΤΗΝΗ)","ΔΗΜ ΠΑΝ ΘΡΑΚΗΣ",243,"13,013"
350,"ΟΙΚΟΝΟΜΙΚΩΝ ΕΠΙΣΤΗΜΩΝ (ΒΟΛΟΣ)","ΠΑΝ ΘΕΣΣΑΛΙΑΣ",184,"13,804"
361,"ΟΙΚΟΝΟΜΙΚΩΝ ΕΠΙΣΤΗΜΩΝ (ΤΡΙΠΟΛΗ)","ΠΑΝ ΠΕΛ/ΝΗΣΟΥ",252,"12,371"
152,"ΟΙΚΟΝΟΜΙΚΗΣ & ΠΕΡΙΦΕΡΕΙΑΚΗΣ ΑΝΑΠΤΥΞΗΣ (ΑΘΗΝΑ)","ΠΑΝΤΕΙΟ",180,"13,870"
322,"ΟΡΓΑΝΩΣΗΣ ΚΑΙ ΔΙΟΙΚΗΣΗΣ ΕΠΙΧΕΙΡΗΣΕΩΝ (ΘΕΣΣΑΛΟΝΙΚΗ) ","ΠΑΝ ΜΑΚ/ΝΙΑΣ",234,"14,627"
313,"ΟΡΓΑΝΩΣΗΣ ΚΑΙ ΔΙΟΙΚΗΣΗΣ ΕΠΙΧΕΙΡΗΣΕΩΝ (ΑΘΗΝΑ)","ΟΠΑ",234,"16,409"
316,"ΟΡΓΑΝΩΣΗΣ ΚΑΙ ΔΙΟΙΚΗΣΗΣ ΕΠΙΧΕΙΡΗΣΕΩΝ (ΠΕΙΡΑΙΑΣ)","ΠΑΝ ΠΕΙΡΑΙΩΣ",261,"15,174"
320,"ΔΙΟΙΚΗΣΗΣ ΕΠΙΧΕΙΡΗΣΕΩΝ (ΧΙΟΣ)","ΠΑΝ ΑΙΓΑΙΟΥ",275,"11,372"
352,"ΔΙΟΙΚΗΣΗΣ ΕΠΙΧΕΙΡΗΣΕΩΝ (ΠΑΤΡΑ)","ΠΑΝ ΠΑΤΡΩΝ",243,"12,849"
400,"ΟΡΓΑΝΩΣΗΣ & ΔΙΑΧΕΙΡΙΣΗΣ ΑΘΛΗΤΙΣΜΟΥ (ΣΠΑΡΤΗ)","ΠΑΝ ΠΕΛ/ΝΗΣΟΥ",123,"8,942"
346,"ΔΙΟΙΚΗΣΗΣ ΕΠΙΧΕΙΡΗΣΕΩΝ ΑΓΡΟΤΙΚΩΝ ΠΡΟΪΟΝΤΩΝ ΚΑΙ ΤΡΟΦΙΜΩΝ (ΑΓΡΙΝΙΟ)","ΠΑΝ ΠΑΤΡΩΝ",160,"9,229"
144,"ΟΙΚΙΑΚΗΣ ΟΙΚΟΝΟΜΙΑΣ & ΟΙΚΟΛΟΓΙΑΣ (ΑΘΗΝΑ)","ΧΑΡΟΚΟΠΕΙΟ ΠΑΝ",81,"12,143"
867,"ΟΙΚΟΝΟΜΙΚΟ (ΣΣΑΣ) ΘΕΣ/ΝΙΚΗ","ΣΣΑΣ",10,"18,983"
867,"ΟΙΚΟΝΟΜΙΚΟ (ΣΣΑΣ) ΘΕΣ/ΝΙΚΗ","ΣΣΑΣ",5,"18,783"
867,"ΟΙΚΟΝΟΜΙΚΟ (ΣΣΑΣ) ΘΕΣ/ΝΙΚΗ","ΣΣΑΣ",1,"13,920"
865,"ΥΠΑΞΙΩΜΑΤΙΚΩΝ ΔΙΟΙΚ. ΑΕΡΟΠΟΡΙΑΣ (Σ.Υ.Δ.)","ΣΥΔ",16,"18,345"
865,"ΥΠΑΞΙΩΜΑΤΙΚΩΝ ΔΙΟΙΚ. ΑΕΡΟΠΟΡΙΑΣ (Σ.Υ.Δ.)","ΣΥΔ",7,"17,955"
869,"ΑΞΙΩΜΑΤΙΚΩΝ ΕΛΛΗΝΙΚΗΣ ΑΣΤΥΝΟΜΙΑΣ (ΜΟΝΟ ΓΙΑ ΠΟΛΙΤΕΣ)","ΑΣΤΥΝ ΣΧΟΛ",31,"18,206"
869,"ΑΞΙΩΜΑΤΙΚΩΝ ΕΛΛΗΝΙΚΗΣ ΑΣΤΥΝΟΜΙΑΣ (ΜΟΝΟ ΓΙΑ ΠΟΛΙΤΕΣ)","ΑΣΤΥΝ ΣΧΟΛ",3,"18,097"
869,"ΑΞΙΩΜΑΤΙΚΩΝ ΕΛΛΗΝΙΚΗΣ ΑΣΤΥΝΟΜΙΑΣ (ΜΟΝΟ ΓΙΑ ΠΟΛΙΤΕΣ)","ΑΣΤΥΝ ΣΧΟΛ",1,"18,145"
870,"ΑΣΤΥΦΥΛΑΚΩΝ","ΑΣΤΥΝ ΣΧΟΛ",183,"16,169"
870,"ΑΣΤΥΦΥΛΑΚΩΝ","ΑΣΤΥΝ ΣΧΟΛ",21,"15,094"
870,"ΑΣΤΥΦΥΛΑΚΩΝ","ΑΣΤΥΝ ΣΧΟΛ",8,"16,023"
872,"ΑΞΙΩΜΑΤΙΚΩΝ ΕΛΛΗΝΙΚΗΣ ΑΣΤΥΝΟΜΙΑΣ (ΜΟΝΟ ΓΙΑ ΑΣΤΥΝΟΜΙΚΟΥΣ)","ΑΣΤΥΝ ΣΧΟΛ",43,"16,881"
872,"ΑΞΙΩΜΑΤΙΚΩΝ ΕΛΛΗΝΙΚΗΣ ΑΣΤΥΝΟΜΙΑΣ (ΜΟΝΟ ΓΙΑ ΑΣΤΥΝΟΜΙΚΟΥΣ)","ΑΣΤΥΝ ΣΧΟΛ",4,"16,271"
872,"ΑΞΙΩΜΑΤΙΚΩΝ ΕΛΛΗΝΙΚΗΣ ΑΣΤΥΝΟΜΙΑΣ (ΜΟΝΟ ΓΙΑ ΑΣΤΥΝΟΜΙΚΟΥΣ)","ΑΣΤΥΝ ΣΧΟΛ",1,"16,791"
871,"ΣΧΟΛΗ ΑΝΘΥΠΟΠΥΡΑΓΩΝ (ΜΟΝΟ ΓΙΑ ΠΥΡΟΣΒΕΣΤΕΣ)","ΠΥΡΟΣΒ ΑΚΑΔ",46,"10,314"
584,"ΔΙΟΙΚΗΣΗΣ ΕΠΙΧΕΙΡΗΣΕΩΝ ΚΑΙ ΟΡΓΑΝΙΣΜΩΝ (ΚΑΛΑΜΑΤΑ) - ΤΟΠΙΚΗΣ ΑΥΤΟΔΙΟΙΚΗΣΗΣ","ΤΕΙ ΠΕΛ/ΝΗΣΟΥ",107,"7,035"
631,"ΔΙΟΙΚΗΣΗΣ ΕΠΙΧΕΙΡΗΣΕΩΝ (ΑΘΗΝΑ) - ΔΙΟΙΚΗΣΗ ΜΟΝΑΔΩΝ ΥΓΕΙΑΣ ΚΑΙ ΠΡΟΝΟΙΑΣ","ΤΕΙ ΑΘΗΝΑΣ",62,"11,737"
594,"ΔΙΟΙΚΗΣΗΣ ΕΠΙΧΕΙΡΗΣΕΩΝ ΚΑΙ ΟΡΓΑΝΙΣΜΩΝ (ΚΑΛΑΜΑΤΑ) - ΔΙΟΙΚΗΣΗ ΜΟΝΑΔΩΝ ΥΓΕΙΑΣ ΚΑΙ ΠΡΟΝΟΙΑΣ","ΤΕΙ ΠΕΛ/ΝΗΣΟΥ",106,"7,508"
585,"ΔΙΟΙΚΗΣΗΣ ΕΠΙΧΕΙΡΗΣΕΩΝ (ΑΘΗΝΑ) - ΔΙΟΙΚΗΣΗ ΕΠΙΧΕΙΡΗΣΕΩΝ","ΤΕΙ ΑΘΗΝΑΣ",62,"12,948"
596,"ΔΙΟΙΚΗΣΗΣ ΕΠΙΧΕΙΡΗΣΕΩΝ (ΚΟΖΑΝΗ)","ΤΕΙ ΔΥΤ ΜΑΚ/ΝΙΑΣ",236,"6,996"
591,"ΔΙΟΙΚΗΣΗΣ ΕΠΙΧΕΙΡΗΣΕΩΝ (ΛΑΡΙΣΑ) - ΔΙΟΙΚΗΣΗ ΕΠΙΧΕΙΡΗΣΕΩΝ","ΤΕΙ ΘΕΣΣΑΛΙΑΣ",118,"9,431"
609,"ΔΙΟΙΚΗΣΗΣ ΕΠΙΧΕΙΡΗΣΕΩΝ (ΛΑΡΙΣΑ) - ΔΙΟΙΚΗΣΗ ΤΟΥΡΙΣΤΙΚΩΝ ΕΠΙΧΕΙΡΗΣΕΩΝ ΚΑΙ ΕΠΙΧΕΙΡΗΣΕΩΝ ΦΙΛΟΞΕΝΙΑΣ ","ΤΕΙ ΘΕΣΣΑΛΙΑΣ",105,"8,107"
771,"ΔΙΟΙΚΗΣΗΣ ΕΠΙΧΕΙΡΗΣΕΩΝ (ΛΕΥΚΑΔΑ) - ΔΙΟΙΚΗΣΗ ΤΟΥΡΙΣΤΙΚΩΝ ΕΠΙΧΕΙΡΗΣΕΩΝ ΚΑΙ ΕΠΙΧΕΙΡΗΣΕΩΝ ΦΙΛΟΞΕΝΙΑΣ","ΤΕΙ ΙΟΝΙΩΝ ΝΗΣ",131,"4,062"
715,"ΔΙΟΙΚΗΣΗΣ ΕΠΙΧΕΙΡΗΣΕΩΝ (ΠΕΙΡΑΙΑΣ) - ΔΙΟΙΚΗΣΗ ΕΠΙΧΕΙΡΗΣΕΩΝ","ΤΕΙ ΠΕΙΡΑΙΑ",76,"12,497"
595,"ΔΙΟΙΚΗΣΗΣ ΕΠΙΧΕΙΡΗΣΕΩΝ (ΣΕΡΡΕΣ)","ΤΕΙ ΚΕΝΤΡ ΜΑΚ/ΝΙΑΣ",152,"8,266"
593,"ΔΙΟΙΚΗΣΗΣ ΕΠΙΧΕΙΡΗΣΕΩΝ (ΗΡΑΚΛΕΙΟ) - ΔΙΟΙΚΗΣΗ ΕΠΙΧΕΙΡΗΣΕΩΝ","ΤΕΙ ΚΡΗΤΗΣ",70,"9,855"
731,"ΛΟΓΙΣΤΙΚΗΣ ΚΑΙ ΧΡΗΜΑΤΟΟΙΚΟΝΟΜΙΚΗΣ (ΚΑΛΑΜΑΤΑ)","ΤΕΙ ΠΕΛ/ΝΗΣΟΥ",123,"9,455"
773,"ΛΟΓΙΣΤΙΚΗΣ ΚΑΙ ΧΡΗΜΑΤΟΟΙΚΟΝΟΜΙΚΗΣ (ΚΟΖΑΝΗ) ","ΤΕΙ ΔΥΤ ΜΑΚ/ΝΙΑΣ",270,"7,453"
561,"ΛΟΓΙΣΤΙΚΗΣ ΚΑΙ ΧΡΗΜΑΤΟΟΙΚΟΝΟΜΙΚΗΣ (ΘΕΣΣΑΛΟΝΙΚΗ)","ΤΕΙ ΘΕΣ/ΚΗΣ",110,"12,543"
569,"ΛΟΓΙΣΤΙΚΗΣ ΚΑΙ ΧΡΗΜΑΤΟΟΙΚΟΝΟΜΙΚΗΣ (ΚΑΒΑΛΑ)","ΤΕΙ ΑΝΑΤ ΜΑΚ/ΝΙΑΣ & ΘΡΑΚΗΣ",198,"8,212"
772,"ΛΟΓΙΣΤΙΚΗΣ ΚΑΙ ΧΡΗΜΑΤΟΟΙΚΟΝΟΜΙΚΗΣ (ΗΡΑΚΛΕΙΟ) ","ΤΕΙ ΚΡΗΤΗΣ",135,"10,211"
565,"ΛΟΓΙΣΤΙΚΗΣ ΚΑΙ ΧΡΗΜΑΤΟΟΙΚΟΝΟΜΙΚΗΣ (ΛΑΡΙΣΑ)","ΤΕΙ ΘΕΣΣΑΛΙΑΣ",126,"10,748"
774,"ΛΟΓΙΣΤΙΚΗΣ ΚΑΙ ΧΡΗΜΑΤΟΟΙΚΟΝΟΜΙΚΗΣ (ΜΕΣΟΛΟΓΓΙ) ","ΤΕΙ ΔΥΤ ΕΛΛΑΔΑΣ",143,"8,485"
559,"ΛΟΓΙΣΤΙΚΗΣ ΚΑΙ ΧΡΗΜΑΤΟΟΙΚΟΝΟΜΙΚΗΣ (ΠΕΙΡΑΙΑΣ)","ΤΕΙ ΠΕΙΡΑΙΑ",110,"13,167"
775,"ΛΟΓΙΣΤΙΚΗΣ ΚΑΙ ΧΡΗΜΑΤΟΟΙΚΟΝΟΜΙΚΗΣ (ΠΡΕΒΕΖΑ) ","ΤΕΙ ΗΠΕΙΡΟΥ",161,"7,616"
575,"ΛΟΓΙΣΤΙΚΗΣ ΚΑΙ ΧΡΗΜΑΤΟΟΙΚΟΝΟΜΙΚΗΣ (ΣΕΡΡΕΣ)","ΤΕΙ ΚΕΝΤΡ ΜΑΚ/ΝΙΑΣ",156,"9,631"
577,"ΛΟΓΙΣΤΙΚΗΣ ΚΑΙ ΧΡΗΜΑΤΟΟΙΚΟΝΟΜΙΚΗΣ (ΧΑΛΚΙΔΑ)","ΤΕΙ  ΣΤΕΡ ΕΛΛΑΔΑΣ",193,"10,835"
603,"ΔΙΟΙΚΗΣΗΣ ΕΠΙΧΕΙΡΗΣΕΩΝ (ΑΘΗΝΑ) - ΔΙΟΙΚΗΣΗ ΤΟΥΡΙΣΤΙΚΩΝ ΕΠΙΧΕΙΡΗΣΕΩΝ ΚΑΙ ΕΠΙΧΕΙΡΗΣΕΩΝ ΦΙΛΟΞΕΝΙΑΣ","ΤΕΙ ΑΘΗΝΑΣ",63,"13,052"
604,"ΔΙΟΙΚΗΣΗΣ ΕΠΙΧΕΙΡΗΣΕΩΝ (ΠΕΙΡΑΙΑΣ) - ΔΙΟΙΚΗΣΗ ΤΟΥΡΙΣΤΙΚΩΝ ΕΠΙΧΕΙΡΗΣΕΩΝ ΚΑΙ ΕΠΙΧΕΙΡΗΣΕΩΝ ΦΙΛΟΞΕΝΙΑΣ","ΤΕΙ ΠΕΙΡΑΙΑ",79,"12,195"
611,"ΔΙΟΙΚΗΣΗΣ ΕΠΙΧΕΙΡΗΣΕΩΝ (ΗΡΑΚΛΕΙΟ) - ΔΙΟΙΚΗΣΗ ΤΟΥΡΙΣΤΙΚΩΝ ΕΠΙΧΕΙΡΗΣΕΩΝ ΚΑΙ ΕΠΙΧΕΙΡΗΣΕΩΝ ΦΙΛΟΞΕΝΙΑΣ","ΤΕΙ ΚΡΗΤΗΣ",75,"7,951"
777,"ΔΙΟΙΚΗΣΗΣ ΕΠΙΧΕΙΡΗΣΕΩΝ (ΘΕΣΣΑΛΟΝΙΚΗ) - ΔΙΟΙΚΗΣΗ ΕΠΙΧΕΙΡΗΣΕΩΝ ","ΤΕΙ ΘΕΣ/ΚΗΣ",97,"12,028"
605,"ΔΙΟΙΚΗΣΗΣ ΕΠΙΧΕΙΡΗΣΕΩΝ (ΘΕΣΣΑΛΟΝΙΚΗ) - ΔΙΟΙΚΗΣΗ ΤΟΥΡΙΣΤΙΚΩΝ ΕΠΙΧΕΙΡΗΣΕΩΝ ΚΑΙ ΕΠΙΧΕΙΡΗΣΕΩΝ ΦΙΛΟΞΕΝΙΑΣ","ΤΕΙ ΘΕΣ/ΚΗΣ",79,"11,877"
770,"ΔΙΟΙΚΗΣΗΣ ΕΠΙΧΕΙΡΗΣΕΩΝ (ΓΡΕΒΕΝΑ) - ΔΙΟΙΚΗΣΗ ΤΟΥΡΙΣΤΙΚΩΝ ΕΠΙΧΕΙΡΗΣΕΩΝ ΚΑΙ ΕΠΙΧΕΙΡΗΣΕΩΝ ΦΙΛΟΞΕΝΙΑΣ ","ΤΕΙ ΔΥΤ ΜΑΚ/ΝΙΑΣ",117,"4,048"
610,"ΔΙΟΙΚΗΣΗΣ ΕΠΙΧΕΙΡΗΣΕΩΝ (ΗΓΟΥΜΕΝΙΤΣΑ) - ΔΙΟΙΚΗΣΗ ΤΟΥΡΙΣΤΙΚΩΝ ΕΠΙΧΕΙΡΗΣΕΩΝ ΚΑΙ ΕΠΙΧΕΙΡΗΣΕΩΝ ΦΙΛΟΞΕΝΙΑΣ","ΤΕΙ ΗΠΕΙΡΟΥ",69,"3,539"
613,"ΑΝΩΤΕΡΗ ΣΧΟΛΗ ΤΟΥΡΙΣΤΙΚΗΣ ΕΚΠΑΙΔΕΥΣΗΣ ΡΟΔΟΥ (Α.Σ.Τ.Ε.Ρ.)","ΑΣΤΕ",55,"8,986"
614,"ΑΝΩΤΕΡΗ ΣΧΟΛΗ ΤΟΥΡΙΣΤΙΚΗΣ ΕΚΠΑΙΔΕΥΣΗΣ ΚΡΗΤΗΣ (Α.Σ.Τ.Ε.Κ.)","ΑΣΤΕ",58,"6,951"
